INSERT INTO DOCTOR VALUES ('7302351','Derek','Latoya','7677 Smoky Hollow Avenue Annapolis, MD 21401','Ophthalmologist');
INSERT INTO DOCTOR VALUES ('566544','Ortiz','Kelley','9762 N. East St. North Bergen, NJ 07047','Ophthalmologist');
INSERT INTO DOCTOR VALUES ('7383340','Bryan','Ricky','83 S. Dogwood Dr. Hilliard, OH 43026','Ophthalmologist');
INSERT INTO DOCTOR VALUES ('3684743','Brock','Stevenson','8906 North Drive Astoria, NY 11102','Surgeon');
INSERT INTO DOCTOR VALUES ('8868359','Love','Rosemary','8354 S. Walnutwood St. Brownsburg, IN 46112','Anesthesiologist');
INSERT INTO DOCTOR VALUES ('7268761','Thompson','Javier','17 Beacon Drive Bethlehem, PA 18015','Internist');
INSERT INTO DOCTOR VALUES ('6711202','Daniels','Murphy','91 East Longfellow St. Saint Cloud, MN 56301','Anesthesiologist');
INSERT INTO DOCTOR VALUES ('7912191','Shelton','Bryan','9588 Rockaway Lane Yuma, AZ 85365','Pediatrician');
INSERT INTO DOCTOR VALUES ('7812991','Jason','Juan','852 Harvard Rd. Tupelo, MS 38801','Anesthesiologist');
INSERT INTO DOCTOR VALUES ('3517143','Underwood','Andrews','240 Lincoln Street Rochester, NY 14606','Pediatrician');
INSERT INTO DOCTOR VALUES ('1773996','Bell','Garcia','9157 Maiden Lane Ellicott City, MD 21042','Pediatrician');
INSERT INTO DOCTOR VALUES ('6334169','Javier','Daniels','53 Greenview Street South Plainfield, NJ 07080','Pediatrician');
INSERT INTO DOCTOR VALUES ('4767316','Julian','Jason','9157 Maiden Lane Ellicott City, MD 21042','Surgeon');
INSERT INTO DOCTOR VALUES ('1195392','Lena','Debbie','9061 Creek St. Oshkosh, WI 54901','Anesthesiologist');
INSERT INTO DOCTOR VALUES ('8939012','Danielle','Sabrina','306 Pilgrim Drive Collegeville, PA 19426','Internist');
INSERT INTO DOCTOR VALUES ('9200598','Gilbert','Hogan','852 Harvard Rd. Tupelo, MS 38801','Ophthalmologist');
INSERT INTO DOCTOR VALUES ('7425347','Brandy','Leigh','9195 S. Rockledge Street Spring Hill, FL 34608','Anesthesiologist');
INSERT INTO DOCTOR VALUES ('6900021','Mclaughlin','Jeffery','7677 Smoky Hollow Avenue Annapolis, MD 21401','Ophthalmologist');
INSERT INTO DOCTOR VALUES ('1497920','Lamar','Latoya','873 East Pheasant Dr. Manahawkin, NJ 08050','Ophthalmologist');
INSERT INTO DOCTOR VALUES ('2943186','Bell','Chad','9762 N. East St. North Bergen, NJ 07047','Pediatrician');
INSERT INTO DOCTOR VALUES ('6211947','Mclaughlin','Susie','9061 Creek St. Oshkosh, WI 54901','Surgeon');
INSERT INTO DOCTOR VALUES ('2084164','Danny','Stevenson','202 Mayfield St. Clemmons, NC 27012','Surgeon');
INSERT INTO DOCTOR VALUES ('7918318','Julian','Nathaniel','9588 Rockaway Lane Yuma, AZ 85365','Pediatrician');
INSERT INTO DOCTOR VALUES ('2752397','Stella','Murphy','83 Wayne St. Winter Springs, FL 32708','Anesthesiologist');
INSERT INTO DOCTOR VALUES ('2578873','Hamilton','Kayla','194 Marlborough Drive Georgetown, SC 29440','Internist');
INSERT INTO DOCTOR VALUES ('732807','Javier','Guerrero','83 S. Dogwood Dr. Hilliard, OH 43026','Ophthalmologist');
INSERT INTO EYEPATIENT VALUES ('CAT2017-020','Reeves','Bailey','26','Y','F','7918318','7812991','20/50','20/200','CF 13','20/63','CF 6','20/200','CF 20','20/200','Eyelid Twitching','Ocular histoplasmosis syndrome','Chronic obstructive pulmonary disease','Cataract surgery','Sclera','Retina');
INSERT INTO EYEPATIENT VALUES ('CAT2017-019','Julius','Hopkins','57','Y','M','1195392','2578873','20/160','20/70','20/63','CF 1','20/120','CF 5','CF 10','CF 10','Diabetic Macular Edema','Chlamydia','Chronic obstructive pulmonary disease','Vitreo-retinal surgery','Retina','Cornea');
INSERT INTO EYEPATIENT VALUES ('CAT2017-018','Camille','Angelina','76','Y','M','7918318','7425347','CF 8','20/20','U','CF 10','20/12.5','U','CF 4','CF 6','Uveitis','Ocular histoplasmosis syndrome','Coronary artery disease','Corneal surgery','Sclera','Cornea');
INSERT INTO EYEPATIENT VALUES ('CAT2017-017','Homer','Javier','36','Y','M','7268761','1195392','20/70','20/12.5','20/63','HM','20/32','CF 12','20/20','CF 2','Keratoconus','Gonorrhea','Lower respiratory infection','Cataract surgery','Pupil','Pupil');
INSERT INTO EYEPATIENT VALUES ('CAT2017-016','Love','Brent','27','Y','F','3517143','8868359','CF 15','CF 1','CF 19','20/70','20/12.5','CF 8','20/16','CF 10','Low Vision','Chlamydia','Lower respiratory infection','Oculoplastic surgery','Fovea','Retina');
INSERT INTO EYEPATIENT VALUES ('CAT2017-015','Debbie','Weber','20','N','M','7918318','7812991','20/120','20/200','CF 12','20/40','20/10','CF 15','20/100','20/160','Lazy Eye','Bacterial keratitis','Stroke','Laser eye surgery','Iris','Vitreous');
INSERT INTO EYEPATIENT VALUES ('CAT2017-014','Eddie','Hogan','11','N','F','7302351','4767316','20/200','CF 10','CF 1','CF 16','CF 1','20/70','CF 18','20/200','Crossed eyes','Herpes simplex','Stroke','Refractive surgery','Cornea','Macula');
INSERT INTO EYEPATIENT VALUES ('CAT2017-013','Derek','Brent','12','N','F','8868359','1773996','CF 8','20/32','CF 18','CF 5','CF 11','CF 10','CF 1','CF 17','Muscular degeneration','Bacterial keratitis','Diabetes mellitus','Oculoplastic surgery','Pupil','Retina');
INSERT INTO EYEPATIENT VALUES ('CAT2017-012','Simpson','Stevenson','8','Y','M','2578873','7425347','20/70','CF 12','CF 17','20/120','CF 5','CF 18','CF 11','20/63','Retinal Detachment','Herpes simplex','Stroke','Eye muscle surgery','Cornea','Pupil');
INSERT INTO EYEPATIENT VALUES ('CAT2017-011','Gilbert','Hogan','88','N','M','2084164','7268761','20/32','CF 18','20/50','20/50','20/10','+LP','20/20','20/63','Keratoconus','Ocular histoplasmosis syndrome','Coronary artery disease','Corneal surgery','Cornea','Retina');
INSERT INTO EYEPATIENT VALUES ('CAT2017-010','Murphy','Ricky','28','Y','F','6711202','7302351','CF 3','CF 2','CF 5','20/50','20/100','CF 20','CF 4','CF 7','Ocular Hypertension','Gonorrhea','Chronic obstructive pulmonary disease','Oculoplastic surgery','Cornea','Iris');
INSERT INTO EYEPATIENT VALUES ('CAT2017-009','Lyons','Douglas','24','N','M','1773996','6334169','CF 8','CF 5','20/50','CF 17','20/70','20/50','CF 13','CF 14','Cataract','Chlamydia','Ischemic heart disease','Refractive surgery','Macula','Fovea');
INSERT INTO EYEPATIENT VALUES ('CAT2017-008','Colleen','Rosemary','47','N','M','1497920','6334169','-LP','CF 2','HM','CF 9','CF 15','20/32','20/100','20/80','Keratoconus','Refractive error','Chronic obstructive pulmonary disease','Vitreo-retinal surgery','Sclera','Fovea');
INSERT INTO EYEPATIENT VALUES ('CAT2017-007','Floyd','Stevenson','32','N','F','2943186','6211947','CF 14','20/63','20/40','CF 20','CF 2','CF 13','20/40','20/10','CMV Retinitis','Gonorrhea','Ischemic heart disease','Refractive surgery','Cornea','Pupil');
INSERT INTO EYEPATIENT VALUES ('CAT2017-006','Chad','Christie','72','N','F','6334169','7268761','CF 2','CF 17','CF 5','20/160','CF 3','CF 18','CF 4','CF 10','Low Vision','Refractive error','Stroke','Corneal surgery','Fovea','Vitreous');
INSERT INTO EYEPATIENT VALUES ('CAT2017-005','Bailey','Homer','64','Y','F','3517143','2752397','20/25','CF 14','CF 20','CF 15','CF 8','CF 6','20/20','CF 9','Ocular Hypertension','Herpes simplex','Coronary artery disease','Corneal surgery','Macula','Pupil');
INSERT INTO EYEPATIENT VALUES ('CAT2017-004','Guzman','Love','41','N','M','7383340','2943186','20/20','CF 2','+LP','+LP','20/80','CF 15','CF 5','20/20','Keratoconus','Gonorrhea','Lower respiratory infection','Vitreo-retinal surgery','Sclera','Vitreous');
INSERT INTO EYEPATIENT VALUES ('CAT2017-003','Debbie','Danny','45','Y','M','8939012','2943186','U','20/25','CF 3','CF 13','CF 12','CF 3','CF 16','20/63','Uveitis','Diabetic retinopathy','Ischemic heart disease','Cataract surgery','Cornea','Cornea');
INSERT INTO EYEPATIENT VALUES ('CAT2017-002','Camille','Brandi','34','N','M','732807','2943186','20/100','20/10','20/12.5','CF 15','CF 3','CF 3','CF 12','CF 20','Eyelid Twitching','Corneal opacification','Coronary artery disease','Refractive surgery','Fovea','Lens');
INSERT INTO EYEPATIENT VALUES ('CAT2017-001','Floyd','Reeves','91','Y','F','1195392','1773996','CF 5','CF 6','U','U','20/80','CF 11','CF 15','20/120','Glaucoma','Bacterial keratitis','Chronic obstructive pulmonary disease','Corneal surgery','Pupil','Pupil');
INSERT INTO EYEPATIENT VALUES ('CAT2017-000','Wood','Jason','18','Y','M','7302351','566544','+LP','CF 12','U','CF 12','CF 4','CF 1','20/50','CF 5','Crossed eyes','Herpes simplex','Diabetes mellitus','Refractive surgery','Macula','Pupil');
INSERT INTO EYEPATIENT VALUES ('CAT2016-017','Jackie','Guerrero','68','N','F','3517143','732807','CF 16','20/25','CF 13','CF 8','CF 1','CF 14','20/160','20/120','CMV Retinitis','Corneal opacification','Ischemic heart disease','Corneal surgery','Retina','Vitreous');
INSERT INTO EYEPATIENT VALUES ('CAT2016-016','Hopkins','Bush','79','Y','F','1497920','2084164','CF 11','20/100','20/80','CF 2','U','CF 17','20/120','HM','Cataract','Bacterial keratitis','Diabetes mellitus','Corneal surgery','Sclera','Cornea');
INSERT INTO EYEPATIENT VALUES ('CAT2016-015','Curtis','Beatrice','75','Y','M','8939012','3684743','CF 4','CF 12','CF 2','CF 14','CF 14','CF 10','-LP','+LP','Bulgin eyes','Bacterial keratitis','Eye cancer','Cataract surgery','Pupil','Pupil');
INSERT INTO EYEPATIENT VALUES ('CAT2016-014','Bryan','Rice','6','N','M','4767316','2578873','CF 17','CF 13','CF 14','CF 4','20/50','20/10','-LP','CF 18','Ocular Hypertension','Gonorrhea','Diabetes mellitus','Cataract surgery','Pupil','Lens');
INSERT INTO EYEPATIENT VALUES ('CAT2016-013','Chad','Eddie','15','N','M','1195392','2752397','20/50','CF 20','CF 15','CF 14','CF 8','CF 16','CF 13','CF 10','Retinal Detachment','Herpes simplex','Diabetes mellitus','Laser eye surgery','Sclera','Vitreous');
INSERT INTO EYEPATIENT VALUES ('CAT2016-012','Guerrero','Irene','62','N','F','3517143','732807','20/32','CF 9','CF 2','20/12.5','+LP','20/16','20/50','20/200','CMV Retinitis','Bacterial keratitis','Lower respiratory infection','Cataract surgery','Fovea','Pupil');
INSERT INTO EYEPATIENT VALUES ('CAT2016-011','Julian','Douglas','30','N','F','3517143','7268761','CF 7','CF 6','CF 17','CF 6','CF 3','CF 6','CF 13','CF 10','Cataract','Ocular histoplasmosis syndrome','Chronic obstructive pulmonary disease','Oculoplastic surgery','Iris','Pupil');
INSERT INTO EYEPATIENT VALUES ('CAT2016-010','Wood','Bell','61','N','F','6334169','8939012','20/32','CF 5','CF 1','CF 6','20/50','CF 2','CF 13','CF 14','CMV Retinitis','Shingles','Diabetes mellitus','Corneal surgery','Fovea','Pupil');
INSERT INTO EYEPATIENT VALUES ('CAT2016-009','Simpson','Cunningham','17','Y','F','7268761','1497920','20/40','CF 6','CF 4','U','CF 20','CF 20','20/160','CF 7','Diabetic Macular Edema','Bacterial keratitis','Eye cancer','Glaucoma surgery','Macula','Iris');
INSERT INTO EYEPATIENT VALUES ('CAT2016-008','Medina','Lena','3','Y','M','1497920','2084164','HM','+LP','20/10','+LP','20/20','20/100','CF 9','20/120','Lazy Eye','Chlamydia','Chronic obstructive pulmonary disease','Laser eye surgery','Pupil','Sclera');
INSERT INTO EYEPATIENT VALUES ('CAT2016-007','Francis','Walter','94','Y','M','732807','7812991','CF 19','20/200','CF 3','20/12.5','20/100','CF 17','CF 1','CF 9','Bulgin eyes','Chlamydia','Alzheimers disease','Laser eye surgery','Cornea','Iris');
INSERT INTO EYEPATIENT VALUES ('CAT2016-006','Julian','Juan','20','N','M','7302351','6900021','20/80','CF 13','20/16','CF 2','U','20/32','CF 1','CF 19','CMV Retinitis','Gonorrhea','Chronic obstructive pulmonary disease','Laser eye surgery','Lens','Fovea');
INSERT INTO EYEPATIENT VALUES ('CAT2016-005','Gilbert','Brandi','28','Y','M','7268761','1773996','20/12.5','CF 6','+LP','CF 17','CF 4','CF 9','20/50','CF 8','Bulgin eyes','Chlamydia','Diabetes mellitus','Corneal surgery','Iris','Iris');
INSERT INTO EYEPATIENT VALUES ('CAT2016-004','Dwayne','Francis','97','N','F','8939012','4767316','20/120','20/120','CF 3','HM','CF 5','-LP','CF 20','HM','Lazy Eye','Refractive error','Diabetes mellitus','Glaucoma surgery','Retina','Lens');
INSERT INTO EYEPATIENT VALUES ('CAT2016-003','Cummings','Danny','60','N','F','6900021','7918318','CF 9','CF 13','CF 14','20/50','20/25','20/20','CF 20','20/100','Diabetic Macular Edema','Refractive error','Coronary artery disease','Corneal surgery','Vitreous','Cornea');
INSERT INTO EYEPATIENT VALUES ('CAT2016-002','Hammond','Guzman','47','N','F','2084164','8868359','CF 15','CF 19','20/10','20/10','CF 2','CF 20','CF 3','CF 7','Diabetic Macular Edema','Ocular histoplasmosis syndrome','Ischemic heart disease','Vitreo-retinal surgery','Vitreous','Sclera');
INSERT INTO EYEPATIENT VALUES ('CAT2016-001','Reeves','Alvarado','38','Y','M','3684743','1497920','CF 18','20/80','20/120','CF 11','CF 9','U','CF 16','CF 16','Ocular Hypertension','Chlamydia','Coronary artery disease','Cataract surgery','Iris','Fovea');
INSERT INTO EYEPATIENT VALUES ('CAT2016-000','Rosemary','Bell','64','Y','M','8868359','566544','HM','CF 6','CF 3','CF 19','CF 6','CF 17','20/25','CF 3','CMV Retinitis','Diabetic retinopathy','Eye cancer','Eye muscle surgery','Macula','Macula');
INSERT INTO EYEPATIENT VALUES ('CAT2015-014','Chad','Chad','4','Y','F','6211947','8939012','20/63','CF 18','20/16','CF 12','CF 13','CF 11','CF 11','20/12.5','Uveitis','Ocular histoplasmosis syndrome','Eye cancer','Cataract surgery','Sclera','Macula');
INSERT INTO EYEPATIENT VALUES ('CAT2015-013','Nathaniel','Brandi','0','N','M','2578873','2943186','20/70','+LP','20/70','U','CF 13','CF 5','CF 1','U','Diabetic Macular Edema','Herpes simplex','Lower respiratory infection','Cataract surgery','Fovea','Sclera');
INSERT INTO EYEPATIENT VALUES ('CAT2015-012','Reeves','Juan','25','N','M','2578873','7268761','CF 17','CF 10','+LP','CF 1','20/50','20/120','20/160','CF 19','CMV Retinitis','Bacterial keratitis','Ischemic heart disease','Vitreo-retinal surgery','Cornea','Cornea');
INSERT INTO EYEPATIENT VALUES ('CAT2015-011','Simpson','Dwayne','60','Y','F','6334169','2578873','20/70','CF 3','20/120','20/80','CF 17','CF 3','20/20','CF 2','CMV Retinitis','Shingles','Chronic obstructive pulmonary disease','Eye muscle surgery','Cornea','Sclera');
INSERT INTO EYEPATIENT VALUES ('CAT2015-010','Reeves','Lamar','44','Y','F','2578873','7268761','20/50','CF 10','20/80','CF 9','CF 12','20/16','20/16','CF 19','CMV Retinitis','Diabetic retinopathy','Ischemic heart disease','Refractive surgery','Cornea','Retina');
INSERT INTO EYEPATIENT VALUES ('CAT2015-009','Hamilton','Juan','67','Y','F','7912191','1773996','HM','CF 2','20/160','U','20/200','20/10','20/63','CF 20','Low Vision','Refractive error','Diabetes mellitus','Cataract surgery','Cornea','Macula');
INSERT INTO EYEPATIENT VALUES ('CAT2015-008','Sabrina','Leigh','44','Y','F','3684743','2943186','CF 5','CF 19','CF 14','CF 6','CF 11','20/160','CF 6','CF 6','Diabetic Macular Edema','Gonorrhea','Diabetes mellitus','Oculoplastic surgery','Lens','Vitreous');
INSERT INTO EYEPATIENT VALUES ('CAT2015-007','Colleen','Colleen','91','Y','M','6211947','6211947','CF 19','20/120','20/80','CF 19','CF 17','CF 4','-LP','-LP','Lazy Eye','Chlamydia','Stroke','Oculoplastic surgery','Sclera','Sclera');
INSERT INTO EYEPATIENT VALUES ('CAT2015-006','Hopkins','Lyons','4','Y','M','8939012','8868359','CF 15','CF 7','CF 5','20/20','CF 3','20/200','CF 14','CF 14','Crossed eyes','Ocular histoplasmosis syndrome','Chronic obstructive pulmonary disease','Oculoplastic surgery','Fovea','Vitreous');
INSERT INTO EYEPATIENT VALUES ('CAT2015-005','Martin','Andrews','64','Y','M','7383340','4767316','20/10','CF 2','CF 14','20/100','CF 20','-LP','CF 11','20/120','Bulgin eyes','Chlamydia','Alzheimers disease','Vitreo-retinal surgery','Fovea','Lens');
INSERT INTO EYEPATIENT VALUES ('CAT2015-004','Bryan','Love','87','N','F','1195392','2752397','-LP','20/25','CF 14','20/50','CF 17','20/63','CF 10','CF 20','Uveitis','Corneal opacification','Chronic obstructive pulmonary disease','Corneal surgery','Cornea','Retina');
INSERT INTO EYEPATIENT VALUES ('CAT2015-003','Lyons','Daniels','94','Y','F','566544','8939012','U','CF 15','CF 18','-LP','CF 15','-LP','20/200','CF 19','Cataract','Refractive error','Diabetes mellitus','Oculoplastic surgery','Vitreous','Pupil');
INSERT INTO EYEPATIENT VALUES ('CAT2015-002','Derek','Guerrero','6','Y','M','6211947','6900021','CF 20','CF 19','CF 17','20/25','20/160','20/10','20/160','-LP','Ocular Hypertension','Refractive error','Ischemic heart disease','Eye muscle surgery','Pupil','Retina');
INSERT INTO EYEPATIENT VALUES ('CAT2015-001','Joey','Faith','30','N','F','7383340','6900021','CF 2','CF 1','CF 7','CF 8','CF 19','U','20/160','CF 4','Glaucoma','Refractive error','Eye cancer','Oculoplastic surgery','Pupil','Iris');
INSERT INTO EYEPATIENT VALUES ('CAT2015-000','Dwight','Rice','90','Y','F','7302351','8868359','CF 8','CF 7','CF 3','+LP','20/32','CF 15','CF 13','CF 18','Low Vision','Diabetic retinopathy','Alzheimers disease','Laser eye surgery','Pupil','Retina');
INSERT INTO SURGERY VALUES ('2019-00022','7812991','CAT2015-009','Hign vision','If your canoe is stuck in a tree with the headlights on, how many pancakes does it take to get to the moon?','Coronary artery disease','General','96 Newport Drive Palm Beach Gardens, FL 33410','2019-8-1','nice','7918318','566544','Aphakia',3870.47,7294.53,5175.57,6748.80,8546.0,8918.96,1759.48);
INSERT INTO SURGERY VALUES ('2019-00021','6211947','CAT2017-015','Hign vision','Everyday a grape licks a friendly cow','Stroke','local','637 Meadow Ave. Highland, IN 46322','2019-2-19','nice','732807','9200598','Phakia',4012.14,6517.72,955.53,5435.78,8303.75,9902.47,9990.40);
INSERT INTO SURGERY VALUES ('2019-00020','7302351','CAT2017-001','Medium vision','What do you think about the magical yellow unicorn who dances on the rainbow with a spoonful of blue cheese dressing?','Alzheimers disease','Topical','91 East Longfellow St. Saint Cloud, MN 56301','2019-5-21','bad','2752397','732807','Aphakia',1087.76,9741.33,4192.52,2414.35,6231.59,4865.27,6766.20);
INSERT INTO SURGERY VALUES ('2019-00019','8868359','CAT2016-004','Normal','What do you think about the magical yellow unicorn who dances on the rainbow with a spoonful of blue cheese dressing?','Chronic obstructive pulmonary disease','General','7645 Annadale Ave. Londonderry, NH 03053','2019-7-8','better','7268761','8868359','Pseudophakia',3763.17,5224.43,4041.43,1246.85,1431.47,1463.88,6422.72);
INSERT INTO SURGERY VALUES ('2019-00018','7383340','CAT2016-002','Medium vision','I stepped on a Corn Flake, now Im a Cereal Killer','Lower respiratory infection','Topical','48 W. Shipley St. Downingtown, PA 19335','2019-12-5','nice','2752397','7918318','Pseudophakia',2300.7,9217.61,1225.14,5125.49,3155.40,9833.59,700.2);
INSERT INTO SURGERY VALUES ('2019-00017','1497920','CAT2015-008','Hign vision','The sparkly lamp ate a pillow then punched Larry.','Alzheimers disease','local','5 Arcadia Street Lake Mary, FL 32746','2019-7-13','nice','7383340','8939012','Aphakia',682.48,218.42,7410.43,9148.75,2826.0,8683.11,1522.19);
INSERT INTO SURGERY VALUES ('2019-00016','6334169','CAT2016-001','Hign vision','Everyday a grape licks a friendly cow','Chronic obstructive pulmonary disease','local','7214 Marsh St. Kernersville, NC 27284','2019-4-17','nice','8939012','1497920','Phakia',6268.76,5919.88,6081.42,6522.95,2884.6,1834.50,2367.85);
INSERT INTO SURGERY VALUES ('2019-00015','2752397','CAT2017-018','Low vision','I am so blue Im greener than purple.','Eye cancer','local','4 North Olive Dr. Charleston, SC 29406','2019-3-29','good','7918318','1195392','Aphakia',3660.99,642.84,4408.2,6697.50,2044.16,7611.92,8478.44);
INSERT INTO SURGERY VALUES ('2019-00014','4767316','CAT2015-009','Normal','The sparkly lamp ate a pillow then punched Larry.','Stroke','General','53 Greenview Street South Plainfield, NJ 07080','2019-5-19','sad','3684743','8939012','Pseudophakia',8146.30,8749.71,7295.69,1555.37,4398.74,1441.25,5587.30);
INSERT INTO SURGERY VALUES ('2019-00013','7383340','CAT2015-005','No vision','Banana error.','Coronary artery disease','Topical','468 Heather St. Suite 5 Desoto, TX 75115','2019-3-22','bad','8868359','6211947','Pseudophakia',1320.63,2306.23,3108.90,877.26,4058.76,7693.24,4358.78);
INSERT INTO SURGERY VALUES ('2019-00012','2943186','CAT2016-016','Normal','On a scale from one to ten what is your favourite colour of the alphabet.','Diabetes mellitus','local','96 Newport Drive Palm Beach Gardens, FL 33410','2019-12-5','aww','6334169','6334169','Aphakia',1853.65,3501.17,6299.46,5098.79,6537.98,9216.43,4546.6);
INSERT INTO SURGERY VALUES ('2019-00011','566544','CAT2015-000','Normal','The sparkly lamp ate a pillow then punched Larry.','Eye cancer','General','25 Oak Meadow St Glendale Heights, IL 60139','2019-6-30','bad','1195392','1773996','Phakia',7273.9,8729.35,8554.34,6784.25,431.12,5350.0,3028.71);
INSERT INTO SURGERY VALUES ('2019-00010','1195392','CAT2016-005','Low vision','The sparkly lamp ate a pillow then punched Larry.','Coronary artery disease','local','296 Glen Eagles Court Wake Forest, NC 27587','2019-12-17','sad','6900021','7302351','Phakia',5793.64,9539.7,3558.51,3184.92,6801.70,9389.4,3552.39);
INSERT INTO SURGERY VALUES ('2019-00009','4767316','CAT2017-006','No vision','Look, a distraction!','Stroke','General','9157 Maiden Lane Ellicott City, MD 21042','2019-6-21','bad','3517143','1195392','Phakia',9838.31,329.62,2199.90,198.6,2629.76,587.52,4524.54);
INSERT INTO SURGERY VALUES ('2019-00008','566544','CAT2017-013','No vision','I stepped on a Corn Flake, now Im a Cereal Killer','Eye cancer','General','784 Sheffield Ave. Brooklyn, NY 11201','2019-11-7','bad','1497920','1773996','Pseudophakia',4404.69,6007.95,895.22,5496.58,4527.57,5676.90,1841.93);
INSERT INTO SURGERY VALUES ('2019-00007','6334169','CAT2017-008','Medium vision','What do you think about the magical yellow unicorn who dances on the rainbow with a spoonful of blue cheese dressing?','Chronic obstructive pulmonary disease','Topical','7696 Arnold Dr. Richardson, TX 75080','2019-9-8','deadly','2752397','6334169','Pseudophakia',4173.34,3302.18,2720.32,9309.88,3843.13,5241.49,7936.61);
INSERT INTO SURGERY VALUES ('2019-00006','1497920','CAT2015-001','No vision','Banana error.','Chronic obstructive pulmonary disease','General','412 N. Trusel Ave. Highland Park, IL 60035','2019-10-30','bad','3684743','7268761','Aphakia',408.88,6915.5,8949.9,7880.55,5435.38,7613.14,9390.98);
INSERT INTO SURGERY VALUES ('2019-00005','3517143','CAT2017-018','Low vision','If your canoe is stuck in a tree with the headlights on, how many pancakes does it take to get to the moon?','Diabetes mellitus','General','306 Pilgrim Drive Collegeville, PA 19426','2019-12-18','sad','2578873','2578873','Phakia',3995.65,6981.98,8034.0,1024.14,2924.83,3604.46,80.8);
INSERT INTO SURGERY VALUES ('2019-00004','1195392','CAT2017-004','No vision','I am so blue Im greener than purple.','Eye cancer','Topical','51 Carriage Ave. Largo, FL 33771','2019-12-18','nice','6211947','566544','Pseudophakia',4570.0,7167.54,2981.40,572.20,7399.61,202.56,7505.63);
INSERT INTO SURGERY VALUES ('2019-00003','2578873','CAT2017-009','Medium vision','On a scale from one to ten what is your favourite colour of the alphabet.','Ischemic heart disease','Topical','7214 Marsh St. Kernersville, NC 27284','2019-2-11','aww','7918318','7383340','Aphakia',2055.41,8658.9,2595.58,2473.77,7114.63,8940.40,9603.38);
INSERT INTO SURGERY VALUES ('2019-00002','7425347','CAT2017-020','Low vision','What do you think about the magical yellow unicorn who dances on the rainbow with a spoonful of blue cheese dressing?','Coronary artery disease','General','9157 Maiden Lane Ellicott City, MD 21042','2019-10-17','bad','6711202','2752397','Phakia',7500.71,4696.18,3934.42,4531.43,8322.57,401.1,3028.25);
INSERT INTO SURGERY VALUES ('2019-00001','3517143','CAT2017-013','Normal','Everyday a grape licks a friendly cow','Eye cancer','local','25 Oak Meadow St Glendale Heights, IL 60139','2019-3-29','bad','732807','1497920','Pseudophakia',2022.14,4483.73,7501.74,9978.16,8893.51,5975.22,4342.4);
INSERT INTO SURGERY VALUES ('2019-00000','8868359','CAT2017-003','Low vision','Everyday a grape licks a friendly cow','Stroke','General','4 North Olive Dr. Charleston, SC 29406','2019-10-13','good','3517143','7918318','Phakia',1156.48,5987.77,6484.83,7472.95,4467.78,872.77,715.5);
INSERT INTO SURGERY VALUES ('2018-00042','9200598','CAT2017-000','Low vision','What do you think about the magical yellow unicorn who dances on the rainbow with a spoonful of blue cheese dressing?','Lower respiratory infection','local','9762 N. East St. North Bergen, NJ 07047','2018-11-28','aww','7425347','6900021','Aphakia',8772.67,2799.95,1042.66,5295.84,2602.58,1780.80,5398.44);
INSERT INTO SURGERY VALUES ('2018-00041','2578873','CAT2017-002','No vision','Banana error.','Alzheimers disease','General','83 S. Dogwood Dr. Hilliard, OH 43026','2018-5-24','sad','6711202','7912191','Phakia',509.53,8864.77,1666.69,9007.86,3631.99,4338.15,2848.35);
INSERT INTO SURGERY VALUES ('2018-00040','6900021','CAT2017-009','Medium vision','Everyday a grape licks a friendly cow','Diabetes mellitus','local','53 Greenview Street South Plainfield, NJ 07080','2018-8-19','good','7812991','4767316','Phakia',2113.20,6333.29,5335.39,6853.55,8003.16,6625.86,6363.15);
INSERT INTO SURGERY VALUES ('2018-00039','8868359','CAT2017-006','Normal','Look, a distraction!','Chronic obstructive pulmonary disease','General','83 Wayne St. Winter Springs, FL 32708','2018-10-9','good','7812991','1773996','Pseudophakia',1280.61,9492.44,2812.45,7251.32,2147.89,2859.61,7140.37);
INSERT INTO SURGERY VALUES ('2018-00038','566544','CAT2016-007','Hign vision','I am so blue Im greener than purple.','Ischemic heart disease','local','8625 Bellevue Ave. Canal Winchester, OH 43110','2018-8-9','nice','6711202','2578873','Phakia',8766.27,6088.6,934.82,5433.84,555.58,7569.36,3653.15);
INSERT INTO SURGERY VALUES ('2018-00037','2578873','CAT2017-007','Hign vision','The sparkly lamp ate a pillow then punched Larry.','Chronic obstructive pulmonary disease','Topical','7601 Piper Avenue Cordova, TN 38016','2018-6-18','sad','7912191','7912191','Pseudophakia',3641.7,744.71,4796.42,3354.27,4250.41,3608.73,6396.17);
INSERT INTO SURGERY VALUES ('2018-00036','8939012','CAT2017-013','Medium vision','Everyday a grape licks a friendly cow','Eye cancer','General','800 Prospect Lane East Hartford, CT 06118','2018-3-17','deadly','2943186','8939012','Phakia',3754.97,5050.6,4709.89,379.98,4284.71,1571.74,292.56);
INSERT INTO SURGERY VALUES ('2018-00035','1773996','CAT2015-005','No vision','The sparkly lamp ate a pillow then punched Larry.','Eye cancer','General','873 East Pheasant Dr. Manahawkin, NJ 08050','2018-12-20','deadly','2752397','2578873','Aphakia',4958.77,709.9,8405.21,9476.6,7691.89,6875.83,4972.32);
INSERT INTO SURGERY VALUES ('2018-00034','7383340','CAT2017-011','Normal','The sparkly lamp ate a pillow then punched Larry.','Diabetes mellitus','Topical','194 Marlborough Drive Georgetown, SC 29440','2018-4-15','deadly','2084164','732807','Phakia',9781.72,6305.9,3252.5,8811.41,9962.17,2978.3,1431.42);
INSERT INTO SURGERY VALUES ('2018-00033','3517143','CAT2017-017','Normal','The sparkly lamp ate a pillow then punched Larry.','Lower respiratory infection','Topical','8625 Bellevue Ave. Canal Winchester, OH 43110','2018-12-26','better','3517143','7302351','Phakia',2477.80,501.91,1102.94,4909.20,7137.28,3740.48,4845.35);
INSERT INTO SURGERY VALUES ('2018-00032','1195392','CAT2016-008','Medium vision','On a scale from one to ten what is your favourite colour of the alphabet.','Lower respiratory infection','local','468 Heather St. Suite 5 Desoto, TX 75115','2018-7-28','nice','2578873','3517143','Pseudophakia',3007.87,9137.71,1461.27,8578.1,6695.99,1632.34,9333.87);
INSERT INTO SURGERY VALUES ('2018-00031','6211947','CAT2015-014','Medium vision','Look, a distraction!','Alzheimers disease','General','83 Wayne St. Winter Springs, FL 32708','2018-11-16','bad','1773996','2084164','Pseudophakia',6715.92,9840.61,9057.5,223.82,8290.25,6160.60,9204.40);
INSERT INTO SURGERY VALUES ('2018-00030','7383340','CAT2015-005','Medium vision','I stepped on a Corn Flake, now Im a Cereal Killer','Alzheimers disease','local','194 Marlborough Drive Georgetown, SC 29440','2018-11-17','good','6900021','2752397','Pseudophakia',296.52,4220.34,5486.85,6394.56,2446.14,4839.65,1688.22);
INSERT INTO SURGERY VALUES ('2018-00029','6334169','CAT2015-003','Normal','Look, a distraction!','Ischemic heart disease','General','48 W. Shipley St. Downingtown, PA 19335','2018-2-17','bad','2943186','3684743','Phakia',9494.71,7933.14,2105.54,4677.21,2739.56,663.47,1515.74);
INSERT INTO SURGERY VALUES ('2018-00028','1773996','CAT2017-020','Hign vision','Look, a distraction!','Ischemic heart disease','General','7214 Marsh St. Kernersville, NC 27284','2018-10-29','nice','6711202','3517143','Phakia',4029.55,9195.32,2268.70,4761.86,3672.6,7392.12,81.94);
INSERT INTO SURGERY VALUES ('2018-00027','566544','CAT2015-013','Low vision','Look, a distraction!','Eye cancer','local','51 Carriage Ave. Largo, FL 33771','2018-6-4','better','3684743','6211947','Phakia',7127.23,4099.80,3709.93,2180.53,1110.45,2837.44,6409.77);
INSERT INTO SURGERY VALUES ('2018-00026','8868359','CAT2016-002','Normal','On a scale from one to ten what is your favourite colour of the alphabet.','Stroke','local','4 North Olive Dr. Charleston, SC 29406','2018-6-14','deadly','8868359','1195392','Pseudophakia',8655.67,5657.10,7655.8,1992.97,8116.38,6355.91,7957.9);
INSERT INTO SURGERY VALUES ('2018-00025','2752397','CAT2016-000','Low vision','Look, a distraction!','Alzheimers disease','General','873 East Pheasant Dr. Manahawkin, NJ 08050','2018-5-6','aww','8868359','1195392','Phakia',3543.71,7108.30,3398.89,2828.51,8921.87,6024.50,4156.50);
INSERT INTO SURGERY VALUES ('2018-00024','8939012','CAT2017-008','Low vision','Llamas eat sexy paper clips','Ischemic heart disease','local','202 Mayfield St. Clemmons, NC 27012','2018-11-13','bad','8868359','7812991','Pseudophakia',613.10,2916.77,2897.21,1117.38,3369.6,3620.17,6603.54);
INSERT INTO SURGERY VALUES ('2018-00023','1195392','CAT2016-002','Medium vision','What do you think about the magical yellow unicorn who dances on the rainbow with a spoonful of blue cheese dressing?','Diabetes mellitus','local','9061 Creek St. Oshkosh, WI 54901','2018-12-24','aww','7425347','7425347','Phakia',4983.12,89.8,4614.3,6899.99,6604.19,1625.96,2910.18);
INSERT INTO SURGERY VALUES ('2018-00022','7425347','CAT2017-004','Hign vision','On a scale from one to ten what is your favourite colour of the alphabet.','Coronary artery disease','local','7601 Piper Avenue Cordova, TN 38016','2018-11-21','nice','2578873','7425347','Pseudophakia',1001.99,2281.64,3057.33,5823.26,8856.76,3531.79,9266.48);
INSERT INTO SURGERY VALUES ('2018-00021','9200598','CAT2015-008','Hign vision','Llamas eat sexy paper clips','Alzheimers disease','Topical','47 Middle River Rd. Ravenna, OH 44266','2018-10-30','bad','9200598','6211947','Phakia',5427.22,9748.17,306.54,6870.91,4308.92,3811.12,9546.43);
INSERT INTO SURGERY VALUES ('2018-00020','732807','CAT2016-010','Medium vision','If your canoe is stuck in a tree with the headlights on, how many pancakes does it take to get to the moon?','Chronic obstructive pulmonary disease','General','48 W. Shipley St. Downingtown, PA 19335','2018-9-24','sad','6711202','2752397','Phakia',2204.23,8846.26,167.9,5835.39,3375.71,2726.69,9159.76);
INSERT INTO SURGERY VALUES ('2018-00019','4767316','CAT2017-009','Hign vision','Look, a distraction!','Eye cancer','General','39 Catherine Street Pataskala, OH 43062','2018-8-4','aww','7912191','8939012','Pseudophakia',1125.6,8820.69,7895.38,3941.66,8356.93,5957.72,8695.53);
INSERT INTO SURGERY VALUES ('2018-00018','7268761','CAT2017-010','Low vision','If your canoe is stuck in a tree with the headlights on, how many pancakes does it take to get to the moon?','Ischemic heart disease','Topical','17 Beacon Drive Bethlehem, PA 18015','2018-1-12','sad','732807','2943186','Aphakia',5245.88,5662.85,6659.0,7959.21,1170.75,4639.1,7436.11);
INSERT INTO SURGERY VALUES ('2018-00017','7268761','CAT2015-010','Low vision','Look, a distraction!','Coronary artery disease','General','7645 Annadale Ave. Londonderry, NH 03053','2018-8-27','nice','7383340','2578873','Phakia',2187.38,437.31,7687.70,4502.97,4962.50,4389.49,404.36);
INSERT INTO SURGERY VALUES ('2018-00016','566544','CAT2016-002','No vision','I stepped on a Corn Flake, now Im a Cereal Killer','Ischemic heart disease','local','784 Sheffield Ave. Brooklyn, NY 11201','2018-6-27','deadly','7268761','7268761','Pseudophakia',3917.84,5201.86,1633.68,3953.6,965.33,5500.26,144.76);
INSERT INTO SURGERY VALUES ('2018-00015','732807','CAT2017-007','Hign vision','What do you think about the magical yellow unicorn who dances on the rainbow with a spoonful of blue cheese dressing?','Coronary artery disease','General','9762 N. East St. North Bergen, NJ 07047','2018-9-15','sad','9200598','4767316','Aphakia',3108.71,2726.14,8736.5,4069.14,8666.13,6905.79,369.38);
INSERT INTO SURGERY VALUES ('2018-00014','7912191','CAT2016-001','Hign vision','Banana error.','Eye cancer','local','39 Catherine Street Pataskala, OH 43062','2018-7-3','good','1497920','7912191','Pseudophakia',9471.17,9890.58,6188.30,5782.40,8058.52,8548.55,8390.50);
INSERT INTO SURGERY VALUES ('2018-00013','1773996','CAT2017-003','Hign vision','If your canoe is stuck in a tree with the headlights on, how many pancakes does it take to get to the moon?','Diabetes mellitus','local','240 Lincoln Street Rochester, NY 14606','2018-10-20','better','732807','7912191','Pseudophakia',3090.85,4842.14,998.42,5023.58,9515.24,9094.83,6144.64);
INSERT INTO SURGERY VALUES ('2018-00012','2578873','CAT2015-006','Medium vision','What do you think about the magical yellow unicorn who dances on the rainbow with a spoonful of blue cheese dressing?','Alzheimers disease','General','194 Marlborough Drive Georgetown, SC 29440','2018-2-25','better','8868359','9200598','Aphakia',9548.11,2002.26,1861.65,7682.86,1048.60,2616.46,9607.4);
INSERT INTO SURGERY VALUES ('2018-00011','6334169','CAT2016-017','Normal','I am so blue Im greener than purple.','Stroke','local','743 Van Dyke Ave. Shakopee, MN 55379','2018-8-28','nice','4767316','9200598','Phakia',9729.32,4847.28,8992.40,1788.80,5832.44,1664.49,4301.69);
INSERT INTO SURGERY VALUES ('2018-00010','6900021','CAT2015-014','No vision','If your canoe is stuck in a tree with the headlights on, how many pancakes does it take to get to the moon?','Coronary artery disease','local','7568 N. Hanover St. Howell, NJ 07731','2018-8-20','aww','4767316','1497920','Phakia',6736.58,1523.66,95.79,8498.86,8185.75,5563.24,994.5);
INSERT INTO SURGERY VALUES ('2018-00009','7912191','CAT2016-007','Normal','Banana error.','Lower respiratory infection','General','468 Heather St. Suite 5 Desoto, TX 75115','2018-5-16','bad','6900021','732807','Pseudophakia',1868.76,2029.2,5426.62,6423.75,1529.80,5094.19,8030.71);
INSERT INTO SURGERY VALUES ('2018-00008','7302351','CAT2015-012','Normal','I am so blue Im greener than purple.','Chronic obstructive pulmonary disease','General','7645 Annadale Ave. Londonderry, NH 03053','2018-6-7','bad','566544','7383340','Pseudophakia',4665.41,2687.90,207.13,4726.3,2784.31,8367.54,1348.35);
INSERT INTO SURGERY VALUES ('2018-00007','3684743','CAT2017-002','Normal','I stepped on a Corn Flake, now Im a Cereal Killer','Stroke','General','743 Van Dyke Ave. Shakopee, MN 55379','2018-11-7','bad','2578873','566544','Pseudophakia',1556.12,1586.15,531.60,4778.78,7159.96,3218.0,300.88);
INSERT INTO SURGERY VALUES ('2018-00006','7425347','CAT2015-006','Normal','Llamas eat sexy paper clips','Coronary artery disease','Topical','47 Middle River Rd. Ravenna, OH 44266','2018-8-2','better','6334169','2578873','Phakia',817.77,2536.83,2649.94,7141.38,3517.10,6577.8,2317.85);
INSERT INTO SURGERY VALUES ('2018-00005','3517143','CAT2017-006','Hign vision','Llamas eat sexy paper clips','Coronary artery disease','Topical','25 Oak Meadow St Glendale Heights, IL 60139','2018-7-19','deadly','732807','2943186','Aphakia',7734.36,6513.56,9415.94,8438.79,8884.35,8.67,5145.29);
INSERT INTO SURGERY VALUES ('2018-00004','6900021','CAT2017-005','Hign vision','Banana error.','Alzheimers disease','Topical','96 Newport Drive Palm Beach Gardens, FL 33410','2018-11-13','deadly','6211947','6900021','Phakia',2879.64,5909.23,5984.49,7836.89,6424.79,5460.40,3148.89);
INSERT INTO SURGERY VALUES ('2018-00003','732807','CAT2016-010','Hign vision','Look, a distraction!','Alzheimers disease','Topical','194 Marlborough Drive Georgetown, SC 29440','2018-7-26','deadly','3517143','7912191','Pseudophakia',644.13,3665.36,232.52,9281.37,1925.78,7033.32,5925.70);
INSERT INTO SURGERY VALUES ('2018-00002','6711202','CAT2017-005','Low vision','I stepped on a Corn Flake, now Im a Cereal Killer','Lower respiratory infection','local','9588 Rockaway Lane Yuma, AZ 85365','2018-10-9','deadly','4767316','6900021','Pseudophakia',5477.11,5923.40,198.83,6877.24,6041.13,2244.27,4951.66);
INSERT INTO SURGERY VALUES ('2018-00001','3684743','CAT2015-008','No vision','Banana error.','Lower respiratory infection','Topical','9588 Rockaway Lane Yuma, AZ 85365','2018-8-23','aww','7302351','2084164','Phakia',1647.93,3590.14,6904.46,2685.44,5628.49,3820.75,8728.37);
INSERT INTO SURGERY VALUES ('2018-00000','7383340','CAT2015-011','Medium vision','Llamas eat sexy paper clips','Chronic obstructive pulmonary disease','Topical','9021 Snake Hill Street Marietta, GA 30008','2018-3-20','deadly','6211947','7918318','Aphakia',9368.54,8430.93,9891.36,5133.60,6283.21,4720.41,3903.22);
INSERT INTO SURGERY VALUES ('2017-00022','7383340','CAT2016-004','Hign vision','Look, a distraction!','Alzheimers disease','General','7677 Smoky Hollow Avenue Annapolis, MD 21401','2017-4-14','bad','9200598','2578873','Pseudophakia',8217.75,8584.53,682.32,3245.24,1681.32,3259.25,2146.7);
INSERT INTO SURGERY VALUES ('2017-00021','7912191','CAT2016-017','Hign vision','Banana error.','Coronary artery disease','General','306 Pilgrim Drive Collegeville, PA 19426','2017-8-22','aww','1195392','7302351','Pseudophakia',2131.99,4306.89,7548.84,8351.27,4903.30,9631.47,4750.73);
INSERT INTO SURGERY VALUES ('2017-00020','2578873','CAT2015-010','No vision','What do you think about the magical yellow unicorn who dances on the rainbow with a spoonful of blue cheese dressing?','Chronic obstructive pulmonary disease','Topical','202 Mayfield St. Clemmons, NC 27012','2017-3-29','sad','8868359','6334169','Aphakia',4341.24,6730.50,246.24,4082.97,3009.8,6215.94,5954.9);
INSERT INTO SURGERY VALUES ('2017-00019','566544','CAT2017-018','Low vision','I stepped on a Corn Flake, now Im a Cereal Killer','Stroke','General','8354 S. Walnutwood St. Brownsburg, IN 46112','2017-2-15','sad','1773996','1195392','Pseudophakia',1999.19,2314.49,7260.62,8990.9,7866.90,3808.52,5420.11);
INSERT INTO SURGERY VALUES ('2017-00018','1497920','CAT2017-000','Medium vision','The sparkly lamp ate a pillow then punched Larry.','Eye cancer','General','7677 Smoky Hollow Avenue Annapolis, MD 21401','2017-9-11','good','9200598','3684743','Pseudophakia',5692.46,7158.8,3951.41,1982.1,8179.75,439.75,1146.24);
INSERT INTO SURGERY VALUES ('2017-00017','7912191','CAT2015-004','Hign vision','Look, a distraction!','Chronic obstructive pulmonary disease','General','989 Essex St. Chaska, MN 55318','2017-11-21','aww','6211947','9200598','Phakia',4181.14,1699.82,9858.54,6424.46,6955.20,3105.73,3174.67);
INSERT INTO SURGERY VALUES ('2017-00016','7268761','CAT2015-011','Low vision','If your canoe is stuck in a tree with the headlights on, how many pancakes does it take to get to the moon?','Lower respiratory infection','local','8906 North Drive Astoria, NY 11102','2017-11-4','good','732807','7302351','Aphakia',2683.84,3979.41,1340.57,761.52,5117.50,1582.99,8541.74);
INSERT INTO SURGERY VALUES ('2017-00015','1195392','CAT2016-017','Medium vision','The sparkly lamp ate a pillow then punched Larry.','Ischemic heart disease','General','852 Harvard Rd. Tupelo, MS 38801','2017-7-19','good','3517143','566544','Pseudophakia',7489.73,3672.63,6460.75,3409.31,8429.48,3242.46,8403.78);
INSERT INTO SURGERY VALUES ('2017-00014','1497920','CAT2015-003','Hign vision','I am so blue Im greener than purple.','Lower respiratory infection','local','8906 North Drive Astoria, NY 11102','2017-12-19','good','1773996','6711202','Phakia',8889.96,1718.59,8750.7,7318.10,6951.89,7948.90,456.13);
INSERT INTO SURGERY VALUES ('2017-00013','7812991','CAT2016-001','Hign vision','On a scale from one to ten what is your favourite colour of the alphabet.','Coronary artery disease','Topical','784 Sheffield Ave. Brooklyn, NY 11201','2017-7-11','better','1497920','2578873','Phakia',1183.39,5811.86,8081.99,4352.32,3972.39,7024.13,3751.56);
INSERT INTO SURGERY VALUES ('2017-00012','732807','CAT2017-007','Medium vision','I am so blue Im greener than purple.','Eye cancer','General','9195 S. Rockledge Street Spring Hill, FL 34608','2017-8-23','bad','7812991','6900021','Aphakia',6919.41,4202.43,2841.1,9309.56,8034.84,7665.61,6072.88);
INSERT INTO SURGERY VALUES ('2017-00011','732807','CAT2015-004','Medium vision','Banana error.','Diabetes mellitus','General','9157 Maiden Lane Ellicott City, MD 21042','2017-1-7','aww','3517143','2084164','Aphakia',1073.36,7456.21,229.65,8408.44,2165.25,3085.34,4262.42);
INSERT INTO SURGERY VALUES ('2017-00010','7268761','CAT2017-017','Medium vision','I stepped on a Corn Flake, now Im a Cereal Killer','Chronic obstructive pulmonary disease','General','318 S. Evergreen Ave. Carmel, NY 10512','2017-2-8','good','7918318','1195392','Phakia',2325.69,6620.93,5290.76,1375.61,3352.87,3700.92,4233.45);
INSERT INTO SURGERY VALUES ('2017-00009','4767316','CAT2017-019','No vision','I am so blue Im greener than purple.','Lower respiratory infection','Topical','9588 Rockaway Lane Yuma, AZ 85365','2017-2-8','nice','4767316','7918318','Pseudophakia',4047.43,5810.84,5429.13,5451.31,5937.54,6997.6,8258.26);
INSERT INTO SURGERY VALUES ('2017-00008','2578873','CAT2017-013','Hign vision','Look, a distraction!','Chronic obstructive pulmonary disease','local','8906 North Drive Astoria, NY 11102','2017-4-17','better','732807','566544','Aphakia',4409.2,74.45,4934.17,6908.21,558.56,5555.93,8720.96);
INSERT INTO SURGERY VALUES ('2017-00007','6211947','CAT2016-008','No vision','Banana error.','Eye cancer','Topical','7214 Marsh St. Kernersville, NC 27284','2017-2-19','good','6711202','8939012','Pseudophakia',1398.8,1152.83,1831.92,3111.69,7340.89,2596.18,4684.91);
INSERT INTO SURGERY VALUES ('2017-00006','3684743','CAT2016-012','Medium vision','What do you think about the magical yellow unicorn who dances on the rainbow with a spoonful of blue cheese dressing?','Chronic obstructive pulmonary disease','General','83 S. Dogwood Dr. Hilliard, OH 43026','2017-3-13','nice','2578873','6711202','Phakia',1499.3,7467.15,5340.59,7780.68,826.19,8846.24,4803.10);
INSERT INTO SURGERY VALUES ('2017-00005','2084164','CAT2017-003','Normal','Llamas eat sexy paper clips','Eye cancer','Topical','7214 Marsh St. Kernersville, NC 27284','2017-12-21','nice','3684743','732807','Pseudophakia',4349.1,6951.4,8255.29,3100.81,4126.49,3972.81,8256.34);
INSERT INTO SURGERY VALUES ('2017-00004','4767316','CAT2017-018','Hign vision','Look, a distraction!','Diabetes mellitus','General','318 S. Evergreen Ave. Carmel, NY 10512','2017-2-23','nice','566544','3517143','Aphakia',1190.69,3639.46,8886.72,3633.73,795.59,1941.74,1997.97);
INSERT INTO SURGERY VALUES ('2017-00003','6334169','CAT2017-005','Low vision','If your canoe is stuck in a tree with the headlights on, how many pancakes does it take to get to the moon?','Coronary artery disease','local','9021 Snake Hill Street Marietta, GA 30008','2017-7-10','aww','6711202','8868359','Phakia',4851.2,2449.39,1605.91,9669.33,4073.88,3319.16,5908.75);
INSERT INTO SURGERY VALUES ('2017-00002','8868359','CAT2016-017','Hign vision','The sparkly lamp ate a pillow then punched Larry.','Coronary artery disease','Topical','25 Oak Meadow St Glendale Heights, IL 60139','2017-1-16','sad','4767316','1195392','Pseudophakia',6450.70,4020.62,6941.25,9697.84,5777.48,3002.32,4593.3);
INSERT INTO SURGERY VALUES ('2017-00001','2752397','CAT2017-017','Medium vision','On a scale from one to ten what is your favourite colour of the alphabet.','Chronic obstructive pulmonary disease','Topical','306 Pilgrim Drive Collegeville, PA 19426','2017-9-3','deadly','4767316','7383340','Aphakia',8336.66,3115.0,9722.10,8008.0,4857.43,6891.57,7177.37);
INSERT INTO SURGERY VALUES ('2017-00000','2943186','CAT2017-006','Low vision','Look, a distraction!','Eye cancer','Topical','743 Van Dyke Ave. Shakopee, MN 55379','2017-1-6','aww','6334169','7912191','Aphakia',3172.97,9890.4,8860.21,2236.47,5780.81,4915.82,7952.28);
