INSERT INTO PATIENT VALUES (null,'Mitchell','Rice','F');
INSERT INTO PATIENT VALUES (null,'Angelina','Wendy','N');
INSERT INTO PATIENT VALUES (null,'Douglas','Bailey','N');
INSERT INTO PATIENT VALUES (null,'Susie','Candace','W');
INSERT INTO PATIENT VALUES (null,'Colleen','Susie','G');
INSERT INTO PATIENT VALUES (null,'Julius','Mccormick','Z');
INSERT INTO PATIENT VALUES (null,'Love','Candace','C');
INSERT INTO PATIENT VALUES (null,'Nathaniel','Reeves','I');
INSERT INTO PATIENT VALUES (null,'Homer','Estelle','T');
INSERT INTO PATIENT VALUES (null,'Brock','Julius','F');
INSERT INTO PATIENT VALUES (null,'Brandi','Olga','C');
INSERT INTO PATIENT VALUES (null,'Brock','Estelle','J');
INSERT INTO PATIENT VALUES (null,'Kayla','Susie','X');
INSERT INTO PATIENT VALUES (null,'Douglas','Dwight','R');
INSERT INTO PATIENT VALUES (null,'Olga','Cummings','E');
INSERT INTO PATIENT VALUES (null,'Bennie','Estelle','F');
INSERT INTO PATIENT VALUES (null,'Julius','Danny','P');
INSERT INTO PATIENT VALUES (null,'Javier','Gross','T');
INSERT INTO PATIENT VALUES (null,'Julius','Quinn','F');
INSERT INTO PATIENT VALUES (null,'Guerrero','Bell','B');
INSERT INTO PATIENT VALUES (null,'Jason','Love','D');
INSERT INTO PATIENT VALUES (null,'Daniels','Cunningham','H');
INSERT INTO PATIENT VALUES (null,'Christie','Hamilton','T');
INSERT INTO PATIENT VALUES (null,'Lamar','Jeffery','C');
INSERT INTO PATIENT VALUES (null,'Riley','Curtis','R');
INSERT INTO PATIENT VALUES (null,'Todd','Debbie','E');
INSERT INTO PATIENT VALUES (null,'Hamilton','Weber','R');
INSERT INTO PATIENT VALUES (null,'Reeves','Jeffery','F');
INSERT INTO PATIENT VALUES (null,'Estelle','Mclaughlin','Y');
INSERT INTO PATIENT VALUES (null,'Christie','Hammond','S');
INSERT INTO PATIENT VALUES (null,'Ortiz','Murphy','L');
INSERT INTO PATIENT VALUES (null,'Daniels','Trevor','Y');
INSERT INTO PATIENT VALUES (null,'Hopkins','Garcia','T');
INSERT INTO PATIENT VALUES (null,'Reeves','Rosemary','D');
INSERT INTO PATIENT VALUES (null,'Daniels','Daniels','C');
INSERT INTO PATIENT VALUES (null,'Shelton','Juan','Q');
INSERT INTO PATIENT VALUES (null,'Stella','Hammond','M');
INSERT INTO PATIENT VALUES (null,'Alvarado','Riley','R');
INSERT INTO PATIENT VALUES (null,'Debbie','Hopkins','I');
INSERT INTO PATIENT VALUES (null,'Jeffery','Joey','C');
INSERT INTO PATIENT VALUES (null,'Jeffery','Dwight','G');
INSERT INTO PATIENT VALUES (null,'Gilbert','Homer','I');
INSERT INTO PATIENT VALUES (null,'Baldwin','Eddie','Q');
INSERT INTO PATIENT VALUES (null,'Jason','Jackie','J');
INSERT INTO PATIENT VALUES (null,'Javier','Medina','M');
INSERT INTO PATIENT VALUES (null,'Christie','Guerrero','P');
INSERT INTO PATIENT VALUES (null,'Bush','Baldwin','K');
INSERT INTO PATIENT VALUES (null,'Larson','Jeffery','Y');
INSERT INTO PATIENT VALUES (null,'Daniels','Julian','Q');
INSERT INTO PATIENT VALUES (null,'Juan','Jason','K');
INSERT INTO PATIENT VALUES (null,'Weber','Reeves','L');
INSERT INTO PATIENT VALUES (null,'Leigh','Jason','A');
INSERT INTO PATIENT VALUES (null,'Garcia','Hopkins','C');
INSERT INTO PATIENT VALUES (null,'Brandy','Rosemary','C');
INSERT INTO PATIENT VALUES (null,'Gilbert','Dwight','F');
INSERT INTO PATIENT VALUES (null,'Gregory','Dwight','Y');
INSERT INTO PATIENT VALUES (null,'Cunningham','Dwight','Q');
INSERT INTO PATIENT VALUES (null,'Leigh','Irene','D');
INSERT INTO PATIENT VALUES (null,'Ortiz','Hicks','X');
INSERT INTO PATIENT VALUES (null,'Francis','Angelina','V');
INSERT INTO PATIENT VALUES (null,'Rosemary','Garcia','J');
INSERT INTO PATIENT VALUES (null,'Douglas','Mitchell','K');
INSERT INTO PATIENT VALUES (null,'Gilbert','Lena','O');
INSERT INTO PATIENT VALUES (null,'Rice','Colleen','R');
INSERT INTO PATIENT VALUES (null,'Lena','Mccormick','D');
INSERT INTO PATIENT VALUES (null,'Shelton','Lamar','H');
INSERT INTO PATIENT VALUES (null,'Hamilton','Jeffery','T');
INSERT INTO PATIENT VALUES (null,'Candace','Baldwin','V');
INSERT INTO PATIENT VALUES (null,'Riley','Leigh','A');
INSERT INTO PATIENT VALUES (null,'Gilbert','Hicks','C');
INSERT INTO PATIENT VALUES (null,'Alvarado','Leigh','N');
INSERT INTO PATIENT VALUES (null,'Thompson','Garcia','M');
INSERT INTO PATIENT VALUES (null,'Irene','Gross','U');
INSERT INTO PATIENT VALUES (null,'Kayla','Dwight','O');
INSERT INTO PATIENT VALUES (null,'Francis','Lyons','V');
INSERT INTO PATIENT VALUES (null,'Wood','Thompson','C');
INSERT INTO PATIENT VALUES (null,'Guerrero','Weber','S');
INSERT INTO PATIENT VALUES (null,'Reeves','Dwight','Q');
INSERT INTO PATIENT VALUES (null,'Hopkins','Sabrina','P');
INSERT INTO PATIENT VALUES (null,'Alvarado','Estelle','U');
INSERT INTO PATIENT VALUES (null,'Reeves','Mclaughlin','A');
INSERT INTO PATIENT VALUES (null,'Riley','Floyd','M');
INSERT INTO PATIENT VALUES (null,'Julian','Danielle','U');
INSERT INTO PATIENT VALUES (null,'Underwood','Hopkins','T');
INSERT INTO PATIENT VALUES (null,'Estelle','Gregory','F');
INSERT INTO PATIENT VALUES (null,'Hamilton','Mccormick','P');
INSERT INTO PATIENT VALUES (null,'Kelley','Lamar','T');
INSERT INTO PATIENT VALUES (null,'Brandi','Wendy','Q');
INSERT INTO PATIENT VALUES (null,'Mccormick','Hopkins','R');
INSERT INTO PATIENT VALUES (null,'Gregory','Nathaniel','I');
INSERT INTO PATIENT VALUES (null,'Leigh','Baldwin','M');
INSERT INTO PATIENT VALUES (null,'Trevor','Rice','Y');
INSERT INTO PATIENT VALUES (null,'Stevenson','Bush','Y');
INSERT INTO PATIENT VALUES (null,'Rosemary','Sandoval','L');
INSERT INTO PATIENT VALUES (null,'Mccormick','Rosa','T');
INSERT INTO PATIENT VALUES (null,'Gross','Jason','H');
INSERT INTO PATIENT VALUES (null,'Chad','Colleen','I');
INSERT INTO PATIENT VALUES (null,'Derek','Jason','O');
INSERT INTO PATIENT VALUES (null,'Guzman','Julius','Y');
INSERT INTO PATIENT VALUES (null,'Gregory','Walter','Y');
INSERT INTO PATIENT VALUES (null,'Francis','Rice','T');
INSERT INTO PATIENT VALUES (null,'Julius','Bennie','Y');
INSERT INTO PATIENT VALUES (null,'Gregory','Stevenson','A');
INSERT INTO PATIENT VALUES (null,'Francis','Javier','X');
INSERT INTO PATIENT VALUES (null,'Leah','Rice','H');
INSERT INTO PATIENT VALUES (null,'Cummings','Gilbert','H');
INSERT INTO PATIENT VALUES (null,'Daniels','Leah','S');
INSERT INTO PATIENT VALUES (null,'Medina','Danny','M');
INSERT INTO PATIENT VALUES (null,'Thompson','Guzman','Y');
INSERT INTO PATIENT VALUES (null,'Colleen','Kelley','Q');
INSERT INTO PATIENT VALUES (null,'Wood','Danielle','S');
INSERT INTO PATIENT VALUES (null,'Gross','Camille','N');
INSERT INTO PATIENT VALUES (null,'Brock','Stella','T');
INSERT INTO PATIENT VALUES (null,'Eddie','Trevor','B');
INSERT INTO PATIENT VALUES (null,'Julius','Alison','G');
INSERT INTO PATIENT VALUES (null,'Daniels','Mclaughlin','Y');
INSERT INTO PATIENT VALUES (null,'Hopkins','Julian','Y');
INSERT INTO PATIENT VALUES (null,'Dwight','Derek','R');
INSERT INTO PATIENT VALUES (null,'Jeffery','Alison','S');
INSERT INTO PATIENT VALUES (null,'Shelton','Hammond','O');
INSERT INTO PATIENT VALUES (null,'Irene','Lena','S');
INSERT INTO PATIENT VALUES (null,'Guzman','Christie','A');
INSERT INTO PATIENT VALUES (null,'Simpson','Hicks','E');
INSERT INTO PATIENT VALUES (null,'Trevor','Brandy','A');
INSERT INTO PATIENT VALUES (null,'Francis','Danielle','E');
INSERT INTO PATIENT VALUES (null,'Martin','Danielle','O');
INSERT INTO PATIENT VALUES (null,'Colleen','Leigh','B');
INSERT INTO PATIENT VALUES (null,'Hamilton','Alison','Z');
INSERT INTO PATIENT VALUES (null,'Baldwin','Mccormick','E');
INSERT INTO PATIENT VALUES (null,'Guzman','Curtis','J');
INSERT INTO PATIENT VALUES (null,'Nathaniel','Douglas','U');
INSERT INTO PATIENT VALUES (null,'Walter','Bryan','A');
INSERT INTO PATIENT VALUES (null,'Kayla','Andrews','E');
INSERT INTO PATIENT VALUES (null,'Garcia','Joey','V');
INSERT INTO PATIENT VALUES (null,'Rice','Weber','C');
INSERT INTO PATIENT VALUES (null,'Curtis','Bush','G');
INSERT INTO PATIENT VALUES (null,'Sandoval','Dwight','P');
INSERT INTO PATIENT VALUES (null,'Danny','Brandi','U');
INSERT INTO PATIENT VALUES (null,'Love','Javier','F');
INSERT INTO PATIENT VALUES (null,'Dwight','Latoya','N');
INSERT INTO PATIENT VALUES (null,'Candace','Rice','T');






INSERT INTO DOCTOR VALUES ('8135383','Bush','Dwayne','318 S. Evergreen Ave. Carmel, NY 10512','Pediatrician');
INSERT INTO DOCTOR VALUES ('1734433','Irene','Juan','90 Beacon St. Buford, GA 30518','Anesthesiologist');
INSERT INTO DOCTOR VALUES ('6195028','Larson','Curtis','202 Mayfield St. Clemmons, NC 27012','Surgeon');
INSERT INTO DOCTOR VALUES ('6363699','Riley','Kelley','17 Beacon Drive Bethlehem, PA 18015','Anesthesiologist');
INSERT INTO DOCTOR VALUES ('7988564','Hicks','Brent','47 Middle River Rd. Ravenna, OH 44266','Pediatrician');
INSERT INTO DOCTOR VALUES ('8581752','Stella','Dwight','240 Lincoln Street Rochester, NY 14606','Anesthesiologist');
INSERT INTO DOCTOR VALUES ('4523638','Ricky','Gross','318 S. Evergreen Ave. Carmel, NY 10512','Pediatrician');
INSERT INTO DOCTOR VALUES ('1664753','Julian','Zachary','873 East Pheasant Dr. Manahawkin, NJ 08050','Ophtalmologist');
INSERT INTO DOCTOR VALUES ('3050106','Daniels','Ortiz','9588 Rockaway Lane Yuma, AZ 85365','Surgeon');
INSERT INTO DOCTOR VALUES ('8647474','Faith','Danny','91 East Longfellow St. Saint Cloud, MN 56301','Surgeon');
INSERT INTO DOCTOR VALUES ('1689354','Underwood','Homer','51 Carriage Ave. Largo, FL 33771','Ophtalmologist');
INSERT INTO DOCTOR VALUES ('5752414','Shelton','Latoya','318 S. Evergreen Ave. Carmel, NY 10512','Ophtalmologist');
INSERT INTO DOCTOR VALUES ('7313992','Derek','Todd','83 Tunnel St. Coatesville, PA 19320','Pediatrician');
INSERT INTO DOCTOR VALUES ('3835080','Hammond','Hicks','468 Heather St. Suite 5 Desoto, TX 75115','Surgeon');
INSERT INTO DOCTOR VALUES ('7712658','Baldwin','Curtis','89 Lees Creek Road Hopkinsville, KY 42240','Ophtalmologist');
INSERT INTO DOCTOR VALUES ('2040059','Sabrina','Gregory','7696 Arnold Dr. Richardson, TX 75080','Anesthesiologist');
INSERT INTO DOCTOR VALUES ('1431780','Leah','Gregory','51 Carriage Ave. Largo, FL 33771','Anesthesiologist');
INSERT INTO DOCTOR VALUES ('9572104','Wendy','Wendy','47 Middle River Rd. Ravenna, OH 44266','Anesthesiologist');
INSERT INTO DOCTOR VALUES ('1490443','Danny','Brandi','8354 S. Walnutwood St. Brownsburg, IN 46112','Internist');
INSERT INTO DOCTOR VALUES ('9284165','Rice','Bush','202 Mayfield St. Clemmons, NC 27012','Surgeon');
INSERT INTO DOCTOR VALUES ('6485324','Nathaniel','Irene','784 Sheffield Ave. Brooklyn, NY 11201','Ophtalmologist');
INSERT INTO DOCTOR VALUES ('5214085','Lyons','Olga','89 Lees Creek Road Hopkinsville, KY 42240','Ophtalmologist');
INSERT INTO DOCTOR VALUES ('4886899','Lyons','Julian','240 Lincoln Street Rochester, NY 14606','Pediatrician');
INSERT INTO DOCTOR VALUES ('8310129','Bryan','Cunningham','784 Sheffield Ave. Brooklyn, NY 11201','Pediatrician');
INSERT INTO DOCTOR VALUES ('9655984','Guerrero','Camille','83 S. Dogwood Dr. Hilliard, OH 43026','Internist');
INSERT INTO DOCTOR VALUES ('8463907','Alvarado','Walter','5 Arcadia Street Lake Mary, FL 32746','Ophtalmologist');
INSERT INTO DOCTOR VALUES ('2595184','Larson','Douglas','17 Beacon Drive Bethlehem, PA 18015','Internist');
INSERT INTO DOCTOR VALUES ('6737610','Colleen','Derek','9061 Creek St. Oshkosh, WI 54901','Surgeon');
INSERT INTO DOCTOR VALUES ('7276516','Daniels','Julian','852 Harvard Rd. Tupelo, MS 38801','Surgeon');
INSERT INTO DOCTOR VALUES ('5118155','Irene','Murphy','90 Beacon St. Buford, GA 30518','Internist');






INSERT INTO EYEPATIENT VALUES ('CAT2018-046',41,'Rice','Mitchell','97','Y','M','8135383','1431780','+LP','CF 1','CF 12','CF 18','CF 1','CF 12','U','20/40','Eyelid Twitching','Gonorrhea','Lower respiratory infection','Alzheimers disease','Corneal surgery');
INSERT INTO EYEPATIENT VALUES ('CAT2018-045',16,'Wendy','Angelina','65','N','M','6485324','8310129','CF 12','20/20','-LP','CF 20','CF 9','CF 17','CF 1','20/160','Color blindness','Bacterial keratitis','Lower respiratory infection','Alzheimers disease','Cataract surgery');
INSERT INTO EYEPATIENT VALUES ('CAT2018-044',107,'Bailey','Douglas','27','Y','M','9284165','1689354','20/40','CF 18','20/10','CF 16','CF 16','20/10','20/120','20/10','Retinal Detachment','Refractive error','Lower respiratory infection','Chronic obstructive pulmonary disease','Oculoplastic surgery');
INSERT INTO EYEPATIENT VALUES ('CAT2018-043',119,'Candace','Susie','59','Y','F','9284165','3050106','CF 14','CF 5','20/70','20/12.5','CF 1','20/25','20/40','20/12.5','Keratoconus','Ocular histoplasmosis syndrome','Ischemic heart disease','Chronic obstructive pulmonary disease','Cataract surgery');
INSERT INTO EYEPATIENT VALUES ('CAT2018-042',79,'Susie','Colleen','83','Y','F','1734433','8463907','20/50','20/50','U','20/20','HM','20/120','U','20/25','Cataract','Refractive error','Diabetes mellitus','Chronic obstructive pulmonary disease','Eye muscle surgery');
INSERT INTO EYEPATIENT VALUES ('CAT2018-041',24,'Mccormick','Julius','76','Y','F','8310129','5752414','CF 19','CF 2','CF 15','-LP','20/10','CF 5','+LP','CF 14','Diabetic Macular Edema','Shingles','Alzheimers disease','Chronic obstructive pulmonary disease','Cataract surgery');
INSERT INTO EYEPATIENT VALUES ('CAT2018-040',19,'Candace','Love','20','Y','M','5752414','2595184','CF 6','+LP','CF 17','20/100','20/200','20/120','CF 6','CF 16','Eye Floaters and Eye Flashes','Herpes simplex','Diabetes mellitus','Lower respiratory infection','Vitreo-retinal surgery');
INSERT INTO EYEPATIENT VALUES ('CAT2018-039',3,'Reeves','Nathaniel','84','N','F','7276516','9655984','20/120','20/25','CF 8','CF 6','20/25','CF 3','20/20','20/80','Retinal Detachment','Shingles','Ischemic heart disease','Stroke','Corneal surgery');
INSERT INTO EYEPATIENT VALUES ('CAT2018-038',90,'Estelle','Homer','37','Y','M','7313992','1689354','HM','CF 20','20/40','CF 18','20/10','CF 19','HM','-LP','Eyelid Twitching','Shingles','Alzheimers disease','Lower respiratory infection','Cataract surgery');
INSERT INTO EYEPATIENT VALUES ('CAT2018-037',43,'Julius','Brock','20','N','F','8647474','2595184','CF 2','CF 1','20/40','CF 17','20/16','-LP','CF 15','20/70','Cataract','Shingles','Alzheimers disease','Diabetes mellitus','Eye muscle surgery');
INSERT INTO EYEPATIENT VALUES ('CAT2018-036',18,'Olga','Brandi','76','Y','M','8135383','8581752','CF 9','CF 1','20/40','CF 1','CF 7','CF 5','CF 8','CF 4','Ocular Hypertension','Chlamydia','Stroke','Alzheimers disease','Corneal surgery');
INSERT INTO EYEPATIENT VALUES ('CAT2018-035',40,'Estelle','Brock','85','Y','M','8581752','8581752','CF 11','CF 1','20/63','CF 14','CF 10','CF 13','20/16','20/16','Diabetic Macular Edema','Refractive error','Stroke','Lower respiratory infection','Oculoplastic surgery');
INSERT INTO EYEPATIENT VALUES ('CAT2018-034',21,'Susie','Kayla','45','Y','M','7313992','6485324','20/200','20/10','CF 11','20/20','CF 17','CF 4','CF 18','20/40','CMV Retinitis','Herpes simplex','Diabetes mellitus','Coronary artery disease','Vitreo-retinal surgery');
INSERT INTO EYEPATIENT VALUES ('CAT2018-033',99,'Dwight','Douglas','89','Y','M','3050106','1734433','20/50','CF 1','CF 8','CF 20','20/200','CF 11','20/25','U','Cataract','Bacterial keratitis','Chronic obstructive pulmonary disease','Stroke','Cataract surgery');
INSERT INTO EYEPATIENT VALUES ('CAT2018-032',24,'Cummings','Olga','13','Y','F','7988564','8310129','20/12.5','CF 16','CF 11','-LP','CF 17','20/200','20/12.5','20/10','Crossed eyes','Refractive error','Stroke','Coronary artery disease','Refractive surgery');
INSERT INTO EYEPATIENT VALUES ('CAT2018-031',57,'Estelle','Bennie','86','N','M','3835080','5214085','CF 3','CF 15','-LP','CF 10','CF 17','HM','CF 3','20/25','Cataract','Chlamydia','Diabetes mellitus','Ischemic heart disease','Oculoplastic surgery');
INSERT INTO EYEPATIENT VALUES ('CAT2018-030',81,'Danny','Julius','75','N','M','1664753','4523638','CF 18','+LP','CF 8','20/10','CF 3','20/12.5','CF 6','CF 12','CMV Retinitis','Diabetic retinopathy','Ischemic heart disease','Ischemic heart disease','Cataract surgery');
INSERT INTO EYEPATIENT VALUES ('CAT2018-029',47,'Gross','Javier','96','Y','M','8647474','4886899','CF 7','CF 10','20/12.5','20/40','-LP','20/63','20/25','CF 13','Cataract','Shingles','Diabetes mellitus','Eye cancer','Cataract surgery');
INSERT INTO EYEPATIENT VALUES ('CAT2018-028',10,'Quinn','Julius','85','Y','M','8135383','7276516','CF 18','CF 3','CF 16','CF 8','20/100','20/25','20/63','CF 20','Glaucoma','Herpes simplex','Lower respiratory infection','Stroke','Vitreo-retinal surgery');
INSERT INTO EYEPATIENT VALUES ('CAT2018-027',96,'Bell','Guerrero','40','N','F','6363699','5118155','CF 16','20/40','20/20','CF 6','20/100','CF 9','CF 17','CF 3','Uveitis','Ocular histoplasmosis syndrome','Alzheimers disease','Ischemic heart disease','Glaucoma surgery');
INSERT INTO EYEPATIENT VALUES ('CAT2018-026',53,'Love','Jason','10','N','F','4523638','7313992','CF 8','20/50','20/80','CF 10','CF 9','CF 16','20/160','CF 3','Retinal Detachment','Ocular histoplasmosis syndrome','Alzheimers disease','Lower respiratory infection','Refractive surgery');
INSERT INTO EYEPATIENT VALUES ('CAT2018-025',8,'Cunningham','Daniels','76','N','F','3050106','2040059','CF 11','20/16','CF 5','CF 11','20/20','20/80','CF 17','CF 2','Glaucoma','Refractive error','Ischemic heart disease','Chronic obstructive pulmonary disease','Corneal surgery');
INSERT INTO EYEPATIENT VALUES ('CAT2018-024',68,'Hamilton','Christie','6','N','F','1689354','2040059','CF 9','CF 7','CF 4','20/80','CF 10','20/70','CF 15','20/80','Crossed eyes','Gonorrhea','Diabetes mellitus','Stroke','Vitreo-retinal surgery');
INSERT INTO EYEPATIENT VALUES ('CAT2018-023',136,'Jeffery','Lamar','32','Y','M','5214085','1734433','+LP','CF 7','20/16','20/10','-LP','CF 10','CF 1','20/120','Uveitis','Gonorrhea','Alzheimers disease','Lower respiratory infection','Cataract surgery');
INSERT INTO EYEPATIENT VALUES ('CAT2018-022',80,'Curtis','Riley','10','Y','M','5214085','1431780','20/200','20/80','CF 6','20/200','U','20/70','CF 15','CF 19','Glaucoma','Herpes simplex','Eye cancer','Coronary artery disease','Eye muscle surgery');
INSERT INTO EYEPATIENT VALUES ('CAT2018-021',99,'Debbie','Todd','86','Y','F','8581752','6737610','CF 12','CF 15','20/10','CF 6','CF 19','U','20/32','CF 8','Eyelid Twitching','Corneal opacification','Stroke','Lower respiratory infection','Vitreo-retinal surgery');
INSERT INTO EYEPATIENT VALUES ('CAT2018-020',68,'Weber','Hamilton','89','Y','M','7276516','1431780','20/20','-LP','20/63','U','20/10','CF 19','-LP','CF 14','Eyelid Twitching','Herpes simplex','Eye cancer','Eye cancer','Corneal surgery');
INSERT INTO EYEPATIENT VALUES ('CAT2018-019',99,'Jeffery','Reeves','88','Y','M','7313992','1490443','CF 2','CF 7','CF 12','CF 4','20/10','CF 4','20/25','20/63','Keratoconus','Diabetic retinopathy','Diabetes mellitus','Ischemic heart disease','Eye muscle surgery');
INSERT INTO EYEPATIENT VALUES ('CAT2018-018',47,'Mclaughlin','Estelle','93','Y','F','2595184','6485324','20/70','20/100','20/63','CF 17','20/80','20/10','20/50','20/50','Color blindness','Gonorrhea','Stroke','Eye cancer','Cataract surgery');
INSERT INTO EYEPATIENT VALUES ('CAT2018-017',134,'Hammond','Christie','47','N','M','8310129','9284165','CF 12','20/12.5','20/40','CF 6','20/160','CF 6','CF 1','20/160','Ocular Hypertension','Herpes simplex','Ischemic heart disease','Ischemic heart disease','Glaucoma surgery');
INSERT INTO EYEPATIENT VALUES ('CAT2018-016',68,'Murphy','Ortiz','57','Y','F','7276516','8310129','CF 16','CF 11','20/100','CF 17','20/200','20/20','CF 14','CF 6','Cataract','Chlamydia','Lower respiratory infection','Diabetes mellitus','Oculoplastic surgery');
INSERT INTO EYEPATIENT VALUES ('CAT2018-015',23,'Trevor','Daniels','15','N','M','8581752','2040059','CF 4','20/200','20/70','20/80','CF 18','20/50','CF 13','-LP','Muscular degeneration','Refractive error','Lower respiratory infection','Alzheimers disease','Eye muscle surgery');
INSERT INTO EYEPATIENT VALUES ('CAT2018-014',126,'Garcia','Hopkins','39','Y','F','2595184','6485324','20/10','20/63','CF 2','20/25','CF 18','20/100','CF 18','U','Uveitis','Diabetic retinopathy','Stroke','Coronary artery disease','Laser eye surgery');
INSERT INTO EYEPATIENT VALUES ('CAT2018-013',122,'Rosemary','Reeves','55','Y','F','5214085','5752414','CF 19','CF 19','CF 5','20/100','20/12.5','CF 2','CF 2','CF 17','Cataract','Corneal opacification','Coronary artery disease','Stroke','Cataract surgery');
INSERT INTO EYEPATIENT VALUES ('CAT2018-012',34,'Daniels','Daniels','10','Y','F','1689354','8581752','20/120','CF 10','CF 14','CF 1','20/63','CF 18','20/32','CF 20','Eyelid Twitching','Gonorrhea','Lower respiratory infection','Diabetes mellitus','Vitreo-retinal surgery');
INSERT INTO EYEPATIENT VALUES ('CAT2018-011',136,'Juan','Shelton','85','Y','M','1490443','6485324','CF 5','CF 5','20/40','20/25','20/10','CF 20','20/20','20/12.5','Keratoconus','Corneal opacification','Lower respiratory infection','Ischemic heart disease','Eye muscle surgery');
INSERT INTO EYEPATIENT VALUES ('CAT2018-010',19,'Hammond','Stella','18','Y','M','4886899','3050106','CF 13','CF 3','20/16','CF 4','CF 12','20/32','CF 8','CF 4','Keratoconus','Gonorrhea','Ischemic heart disease','Coronary artery disease','Oculoplastic surgery');
INSERT INTO EYEPATIENT VALUES ('CAT2018-009',30,'Riley','Alvarado','1','N','F','9284165','9284165','CF 2','20/25','CF 6','CF 12','20/50','20/120','CF 12','CF 16','Ocular Hypertension','Chlamydia','Chronic obstructive pulmonary disease','Lower respiratory infection','Refractive surgery');
INSERT INTO EYEPATIENT VALUES ('CAT2018-008',21,'Hopkins','Debbie','13','Y','M','6485324','7313992','CF 20','20/120','20/12.5','U','CF 2','CF 12','20/16','CF 5','Color blindness','Chlamydia','Chronic obstructive pulmonary disease','Diabetes mellitus','Laser eye surgery');
INSERT INTO EYEPATIENT VALUES ('CAT2018-007',82,'Joey','Jeffery','53','N','M','1431780','2040059','20/120','CF 20','20/100','20/25','CF 11','20/63','HM','20/20','Eye Floaters and Eye Flashes','Bacterial keratitis','Stroke','Ischemic heart disease','Vitreo-retinal surgery');
INSERT INTO EYEPATIENT VALUES ('CAT2018-006',32,'Dwight','Jeffery','20','Y','F','1734433','5752414','CF 1','CF 16','20/100','CF 8','20/100','20/32','CF 5','CF 4','CMV Retinitis','Diabetic retinopathy','Chronic obstructive pulmonary disease','Eye cancer','Laser eye surgery');
INSERT INTO EYEPATIENT VALUES ('CAT2018-005',109,'Homer','Gilbert','69','N','F','5214085','7313992','+LP','20/50','20/160','20/63','CF 12','20/25','CF 8','CF 11','Diabetic Macular Edema','Herpes simplex','Stroke','Lower respiratory infection','Corneal surgery');
INSERT INTO EYEPATIENT VALUES ('CAT2018-004',59,'Eddie','Baldwin','26','N','M','6363699','1431780','CF 18','CF 18','CF 20','20/20','20/16','CF 9','20/70','CF 16','Crossed eyes','Shingles','Chronic obstructive pulmonary disease','Coronary artery disease','Vitreo-retinal surgery');
INSERT INTO EYEPATIENT VALUES ('CAT2018-003',30,'Jackie','Jason','72','N','M','6195028','5118155','CF 10','CF 8','20/50','20/80','CF 6','20/200','U','CF 12','Uveitis','Gonorrhea','Chronic obstructive pulmonary disease','Alzheimers disease','Cataract surgery');
INSERT INTO EYEPATIENT VALUES ('CAT2018-002',113,'Medina','Javier','27','N','F','9655984','6485324','CF 7','CF 19','CF 19','CF 15','CF 14','20/50','HM','CF 13','Bulgin eyes','Ocular histoplasmosis syndrome','Alzheimers disease','Chronic obstructive pulmonary disease','Laser eye surgery');
INSERT INTO EYEPATIENT VALUES ('CAT2018-001',83,'Guerrero','Christie','99','N','M','6195028','1490443','CF 1','20/160','20/32','CF 16','20/100','CF 5','CF 9','20/63','Lazy Eye','Shingles','Coronary artery disease','Stroke','Eye muscle surgery');
INSERT INTO EYEPATIENT VALUES ('CAT2018-000',121,'Baldwin','Bush','54','N','F','8310129','1490443','CF 3','20/12.5','20/80','+LP','-LP','CF 2','CF 15','20/40','Diabetic Macular Edema','Shingles','Chronic obstructive pulmonary disease','Lower respiratory infection','Corneal surgery');
INSERT INTO EYEPATIENT VALUES ('CAT2017-046',52,'Jeffery','Larson','66','Y','F','9572104','5214085','CF 6','CF 1','CF 15','CF 3','-LP','CF 6','CF 19','CF 12','Muscular degeneration','Herpes simplex','Diabetes mellitus','Diabetes mellitus','Laser eye surgery');
INSERT INTO EYEPATIENT VALUES ('CAT2017-045',67,'Julian','Daniels','90','Y','F','3835080','6363699','20/40','20/10','CF 13','CF 8','CF 10','CF 3','CF 17','CF 6','Keratoconus','Corneal opacification','Alzheimers disease','Stroke','Refractive surgery');
INSERT INTO EYEPATIENT VALUES ('CAT2017-044',84,'Jason','Juan','47','Y','F','5118155','8463907','U','20/120','-LP','CF 6','CF 3','CF 5','CF 6','20/80','CMV Retinitis','Shingles','Stroke','Stroke','Eye muscle surgery');
INSERT INTO EYEPATIENT VALUES ('CAT2017-043',5,'Reeves','Weber','96','N','M','7988564','4886899','CF 13','20/63','20/160','CF 9','CF 9','CF 9','CF 20','20/70','Eye Floaters and Eye Flashes','Chlamydia','Coronary artery disease','Ischemic heart disease','Laser eye surgery');
INSERT INTO EYEPATIENT VALUES ('CAT2017-042',100,'Jason','Leigh','95','Y','M','8135383','8135383','CF 16','CF 18','20/50','20/12.5','CF 12','CF 17','HM','CF 10','Eyelid Twitching','Ocular histoplasmosis syndrome','Stroke','Lower respiratory infection','Laser eye surgery');
INSERT INTO EYEPATIENT VALUES ('CAT2017-041',64,'Hopkins','Garcia','29','Y','M','8463907','5752414','20/50','CF 6','CF 18','CF 3','20/160','CF 1','CF 4','+LP','Ocular Hypertension','Herpes simplex','Stroke','Coronary artery disease','Refractive surgery');
INSERT INTO EYEPATIENT VALUES ('CAT2017-040',60,'Rosemary','Brandy','41','N','F','6737610','8647474','CF 11','+LP','CF 5','CF 10','-LP','20/70','20/16','20/20','CMV Retinitis','Corneal opacification','Eye cancer','Coronary artery disease','Glaucoma surgery');
INSERT INTO EYEPATIENT VALUES ('CAT2017-039',134,'Dwight','Gilbert','58','Y','F','1431780','1734433','CF 14','20/160','CF 9','20/63','CF 17','CF 17','20/16','+LP','Bulgin eyes','Refractive error','Coronary artery disease','Ischemic heart disease','Glaucoma surgery');
INSERT INTO EYEPATIENT VALUES ('CAT2017-038',121,'Dwight','Gregory','28','Y','F','8647474','3835080','20/50','20/120','20/40','CF 10','CF 7','CF 1','CF 13','20/16','Ocular Hypertension','Bacterial keratitis','Lower respiratory infection','Lower respiratory infection','Laser eye surgery');
INSERT INTO EYEPATIENT VALUES ('CAT2017-037',72,'Dwight','Cunningham','99','N','M','6485324','9284165','20/32','20/50','CF 19','20/25','U','20/160','20/12.5','CF 4','Color blindness','Corneal opacification','Diabetes mellitus','Lower respiratory infection','Cataract surgery');
INSERT INTO EYEPATIENT VALUES ('CAT2017-036',126,'Irene','Leigh','87','N','M','5118155','8581752','CF 14','20/25','20/12.5','CF 17','CF 5','CF 16','CF 3','CF 10','Glaucoma','Gonorrhea','Eye cancer','Lower respiratory infection','Corneal surgery');
INSERT INTO EYEPATIENT VALUES ('CAT2017-035',7,'Hicks','Ortiz','29','N','M','1689354','4886899','20/100','20/25','20/120','CF 9','20/40','20/200','CF 1','20/200','Lazy Eye','Chlamydia','Lower respiratory infection','Eye cancer','Eye muscle surgery');
INSERT INTO EYEPATIENT VALUES ('CAT2017-034',114,'Angelina','Francis','84','Y','F','4523638','8310129','20/160','CF 20','CF 9','CF 13','CF 8','CF 4','CF 4','CF 7','Keratoconus','Ocular histoplasmosis syndrome','Lower respiratory infection','Ischemic heart disease','Vitreo-retinal surgery');
INSERT INTO EYEPATIENT VALUES ('CAT2017-033',62,'Garcia','Rosemary','34','N','M','3835080','5118155','CF 10','20/20','CF 4','CF 15','CF 2','+LP','20/200','CF 13','Keratoconus','Corneal opacification','Coronary artery disease','Ischemic heart disease','Cataract surgery');
INSERT INTO EYEPATIENT VALUES ('CAT2017-032',112,'Mitchell','Douglas','56','Y','F','7712658','1689354','20/40','CF 6','+LP','+LP','CF 1','20/120','CF 12','20/32','Ocular Hypertension','Herpes simplex','Eye cancer','Stroke','Cataract surgery');
INSERT INTO EYEPATIENT VALUES ('CAT2017-031',92,'Lena','Gilbert','38','Y','M','2595184','8463907','20/200','20/12.5','CF 6','CF 4','CF 7','CF 19','20/10','CF 11','Diabetic Macular Edema','Diabetic retinopathy','Eye cancer','Ischemic heart disease','Eye muscle surgery');
INSERT INTO EYEPATIENT VALUES ('CAT2017-030',40,'Colleen','Rice','79','N','F','5752414','8581752','20/50','20/20','20/20','-LP','CF 8','U','20/100','20/200','Bulgin eyes','Chlamydia','Chronic obstructive pulmonary disease','Alzheimers disease','Eye muscle surgery');
INSERT INTO EYEPATIENT VALUES ('CAT2017-029',83,'Mccormick','Lena','89','Y','F','1734433','9655984','20/100','20/10','HM','HM','20/70','CF 6','20/32','20/120','Crossed eyes','Bacterial keratitis','Lower respiratory infection','Coronary artery disease','Vitreo-retinal surgery');
INSERT INTO EYEPATIENT VALUES ('CAT2017-028',103,'Lamar','Shelton','5','N','M','4523638','9284165','CF 17','CF 4','HM','CF 4','CF 12','CF 11','20/80','CF 9','Glaucoma','Ocular histoplasmosis syndrome','Ischemic heart disease','Coronary artery disease','Corneal surgery');
INSERT INTO EYEPATIENT VALUES ('CAT2017-027',30,'Jeffery','Hamilton','57','N','M','8581752','1664753','CF 11','20/40','CF 17','20/20','20/40','20/40','CF 1','CF 4','Crossed eyes','Bacterial keratitis','Ischemic heart disease','Diabetes mellitus','Glaucoma surgery');
INSERT INTO EYEPATIENT VALUES ('CAT2017-026',59,'Baldwin','Candace','85','N','F','9572104','9572104','CF 18','CF 14','20/16','CF 3','20/63','CF 3','HM','20/63','CMV Retinitis','Bacterial keratitis','Lower respiratory infection','Alzheimers disease','Corneal surgery');
INSERT INTO EYEPATIENT VALUES ('CAT2017-025',91,'Leigh','Riley','98','N','F','7712658','4886899','20/50','20/160','+LP','20/63','20/50','CF 20','CF 16','20/10','Lazy Eye','Chlamydia','Coronary artery disease','Alzheimers disease','Eye muscle surgery');
INSERT INTO EYEPATIENT VALUES ('CAT2017-024',94,'Hicks','Gilbert','25','Y','M','5118155','8310129','20/10','CF 7','HM','CF 11','20/80','CF 14','20/16','20/40','Diabetic Macular Edema','Corneal opacification','Ischemic heart disease','Chronic obstructive pulmonary disease','Oculoplastic surgery');
INSERT INTO EYEPATIENT VALUES ('CAT2017-023',22,'Leigh','Alvarado','80','Y','M','7313992','7313992','CF 14','CF 10','U','20/16','CF 3','20/50','-LP','CF 12','Cataract','Herpes simplex','Eye cancer','Eye cancer','Cataract surgery');
INSERT INTO EYEPATIENT VALUES ('CAT2017-022',16,'Garcia','Thompson','0','N','F','1431780','5118155','20/100','CF 12','CF 15','CF 6','CF 8','20/63','U','CF 16','Muscular degeneration','Herpes simplex','Eye cancer','Alzheimers disease','Cataract surgery');
INSERT INTO EYEPATIENT VALUES ('CAT2017-021',82,'Gross','Irene','2','Y','M','6195028','9284165','20/50','CF 7','CF 2','20/32','20/200','+LP','-LP','20/40','Low Vision','Corneal opacification','Stroke','Coronary artery disease','Glaucoma surgery');
INSERT INTO EYEPATIENT VALUES ('CAT2017-020',99,'Dwight','Kayla','22','N','M','9284165','9655984','CF 6','20/40','20/100','20/40','CF 10','CF 6','20/100','CF 10','Uveitis','Refractive error','Coronary artery disease','Eye cancer','Vitreo-retinal surgery');
INSERT INTO EYEPATIENT VALUES ('CAT2017-019',135,'Lyons','Francis','28','Y','M','6363699','6363699','20/50','20/50','20/120','20/100','20/32','20/16','CF 19','CF 15','Glaucoma','Refractive error','Alzheimers disease','Lower respiratory infection','Vitreo-retinal surgery');
INSERT INTO EYEPATIENT VALUES ('CAT2017-018',27,'Thompson','Wood','28','N','F','6485324','3835080','20/40','20/63','CF 1','CF 11','CF 3','CF 9','20/16','CF 18','Retinal Detachment','Bacterial keratitis','Diabetes mellitus','Diabetes mellitus','Corneal surgery');
INSERT INTO EYEPATIENT VALUES ('CAT2017-017',104,'Weber','Guerrero','41','N','M','9572104','3050106','CF 2','20/100','+LP','-LP','20/100','+LP','CF 3','CF 11','Uveitis','Bacterial keratitis','Alzheimers disease','Eye cancer','Oculoplastic surgery');
INSERT INTO EYEPATIENT VALUES ('CAT2017-016',34,'Dwight','Reeves','99','N','M','8647474','4523638','+LP','+LP','20/25','20/20','20/16','CF 11','CF 16','CF 17','Keratoconus','Diabetic retinopathy','Alzheimers disease','Coronary artery disease','Glaucoma surgery');
INSERT INTO EYEPATIENT VALUES ('CAT2017-015',14,'Sabrina','Hopkins','27','Y','F','7988564','9284165','CF 8','CF 17','HM','-LP','-LP','CF 16','CF 11','CF 7','Eye Floaters and Eye Flashes','Gonorrhea','Diabetes mellitus','Ischemic heart disease','Vitreo-retinal surgery');
INSERT INTO EYEPATIENT VALUES ('CAT2017-014',103,'Estelle','Alvarado','64','N','M','2040059','7276516','CF 11','20/50','HM','20/12.5','20/100','-LP','CF 14','-LP','Glaucoma','Chlamydia','Stroke','Ischemic heart disease','Vitreo-retinal surgery');
INSERT INTO EYEPATIENT VALUES ('CAT2017-013',99,'Mclaughlin','Reeves','7','N','F','9284165','1664753','20/25','20/200','CF 5','CF 4','CF 9','20/80','20/120','CF 16','Ocular Hypertension','Herpes simplex','Lower respiratory infection','Lower respiratory infection','Laser eye surgery');
INSERT INTO EYEPATIENT VALUES ('CAT2017-012',116,'Floyd','Riley','11','Y','M','8647474','3835080','CF 9','CF 4','CF 9','U','CF 1','CF 14','CF 17','20/63','Eye Floaters and Eye Flashes','Corneal opacification','Lower respiratory infection','Alzheimers disease','Oculoplastic surgery');
INSERT INTO EYEPATIENT VALUES ('CAT2017-011',93,'Danielle','Julian','54','Y','F','8310129','7988564','CF 20','CF 11','20/63','-LP','20/160','-LP','20/80','20/50','Keratoconus','Gonorrhea','Diabetes mellitus','Coronary artery disease','Vitreo-retinal surgery');
INSERT INTO EYEPATIENT VALUES ('CAT2017-010',46,'Hopkins','Underwood','7','Y','M','2040059','9284165','20/40','20/40','20/10','20/12.5','CF 5','20/40','CF 13','CF 2','Cataract','Herpes simplex','Ischemic heart disease','Alzheimers disease','Vitreo-retinal surgery');
INSERT INTO EYEPATIENT VALUES ('CAT2017-009',5,'Gregory','Estelle','49','Y','F','7712658','2040059','CF 9','CF 4','20/12.5','CF 15','CF 1','CF 2','+LP','-LP','Diabetic Macular Edema','Chlamydia','Eye cancer','Stroke','Vitreo-retinal surgery');
INSERT INTO EYEPATIENT VALUES ('CAT2017-008',124,'Mccormick','Hamilton','67','Y','M','2595184','4886899','20/12.5','20/10','CF 19','CF 6','20/32','CF 16','CF 16','20/32','Muscular degeneration','Herpes simplex','Coronary artery disease','Eye cancer','Corneal surgery');
INSERT INTO EYEPATIENT VALUES ('CAT2017-007',101,'Lamar','Kelley','22','N','M','5752414','6485324','CF 16','CF 8','U','CF 16','CF 15','20/20','HM','CF 2','Uveitis','Chlamydia','Coronary artery disease','Coronary artery disease','Refractive surgery');
INSERT INTO EYEPATIENT VALUES ('CAT2017-006',48,'Wendy','Brandi','52','N','F','6363699','8310129','CF 16','CF 5','20/25','HM','CF 14','20/25','CF 14','CF 16','Diabetic Macular Edema','Refractive error','Alzheimers disease','Ischemic heart disease','Corneal surgery');
INSERT INTO EYEPATIENT VALUES ('CAT2017-005',134,'Hopkins','Mccormick','54','N','M','4523638','8647474','CF 7','+LP','CF 15','20/20','CF 5','-LP','CF 8','CF 8','Retinal Detachment','Ocular histoplasmosis syndrome','Alzheimers disease','Eye cancer','Eye muscle surgery');
INSERT INTO EYEPATIENT VALUES ('CAT2017-004',109,'Nathaniel','Gregory','5','Y','F','6485324','6195028','20/160','CF 20','20/32','CF 3','CF 6','20/200','20/25','20/200','Bulgin eyes','Chlamydia','Chronic obstructive pulmonary disease','Alzheimers disease','Eye muscle surgery');
INSERT INTO EYEPATIENT VALUES ('CAT2017-003',44,'Baldwin','Leigh','55','Y','M','1734433','3835080','HM','20/10','20/50','20/50','CF 19','20/63','CF 15','CF 2','Glaucoma','Ocular histoplasmosis syndrome','Lower respiratory infection','Diabetes mellitus','Cataract surgery');
INSERT INTO EYEPATIENT VALUES ('CAT2017-002',14,'Rice','Trevor','55','N','M','7712658','9572104','CF 13','CF 18','CF 1','CF 3','20/12.5','-LP','CF 17','CF 2','CMV Retinitis','Ocular histoplasmosis syndrome','Alzheimers disease','Alzheimers disease','Glaucoma surgery');
INSERT INTO EYEPATIENT VALUES ('CAT2017-001',6,'Bush','Stevenson','9','N','F','6485324','1734433','20/63','20/32','20/16','20/10','CF 1','20/120','CF 13','20/70','Retinal Detachment','Ocular histoplasmosis syndrome','Chronic obstructive pulmonary disease','Ischemic heart disease','Vitreo-retinal surgery');
INSERT INTO EYEPATIENT VALUES ('CAT2017-000',51,'Sandoval','Rosemary','50','Y','F','2040059','5214085','CF 8','20/100','20/120','20/16','CF 2','20/40','U','20/160','Muscular degeneration','Diabetic retinopathy','Eye cancer','Ischemic heart disease','Glaucoma surgery');
INSERT INTO EYEPATIENT VALUES ('CAT2016-046',18,'Rosa','Mccormick','94','Y','F','3835080','1689354','20/50','CF 5','+LP','CF 14','CF 15','CF 15','CF 2','20/63','Uveitis','Gonorrhea','Stroke','Eye cancer','Laser eye surgery');
INSERT INTO EYEPATIENT VALUES ('CAT2016-045',77,'Jason','Gross','77','Y','M','7712658','8135383','CF 4','CF 15','CF 14','20/12.5','CF 15','20/160','20/12.5','-LP','Ocular Hypertension','Herpes simplex','Ischemic heart disease','Ischemic heart disease','Eye muscle surgery');
INSERT INTO EYEPATIENT VALUES ('CAT2016-044',92,'Colleen','Chad','48','N','F','7712658','9284165','CF 1','20/50','CF 6','+LP','CF 7','20/12.5','CF 5','CF 7','Lazy Eye','Refractive error','Ischemic heart disease','Coronary artery disease','Laser eye surgery');
INSERT INTO EYEPATIENT VALUES ('CAT2016-043',47,'Jason','Derek','7','N','M','8581752','8581752','20/20','CF 17','20/20','20/70','20/12.5','CF 11','20/100','CF 20','Lazy Eye','Chlamydia','Alzheimers disease','Chronic obstructive pulmonary disease','Corneal surgery');
INSERT INTO EYEPATIENT VALUES ('CAT2016-042',28,'Julius','Guzman','36','Y','M','6363699','6363699','CF 14','CF 18','CF 20','CF 10','CF 17','20/32','CF 9','20/25','Color blindness','Bacterial keratitis','Stroke','Diabetes mellitus','Refractive surgery');
INSERT INTO EYEPATIENT VALUES ('CAT2016-041',65,'Walter','Gregory','64','N','M','2595184','6195028','20/63','CF 7','CF 13','-LP','20/160','CF 11','20/63','CF 14','Low Vision','Herpes simplex','Coronary artery disease','Diabetes mellitus','Eye muscle surgery');
INSERT INTO EYEPATIENT VALUES ('CAT2016-040',13,'Rice','Francis','76','N','M','4886899','7712658','20/100','CF 2','20/32','-LP','20/80','20/120','+LP','20/80','Eyelid Twitching','Bacterial keratitis','Diabetes mellitus','Coronary artery disease','Oculoplastic surgery');
INSERT INTO EYEPATIENT VALUES ('CAT2016-039',62,'Bennie','Julius','28','Y','F','4886899','5118155','20/120','CF 1','20/80','CF 12','CF 16','+LP','20/200','20/63','Bulgin eyes','Chlamydia','Stroke','Eye cancer','Cataract surgery');
INSERT INTO EYEPATIENT VALUES ('CAT2016-038',93,'Stevenson','Gregory','64','N','F','1490443','2595184','20/70','20/12.5','CF 5','HM','HM','20/100','20/20','CF 14','Color blindness','Diabetic retinopathy','Chronic obstructive pulmonary disease','Lower respiratory infection','Refractive surgery');
INSERT INTO EYEPATIENT VALUES ('CAT2016-037',51,'Javier','Francis','92','Y','F','6485324','8463907','CF 9','20/32','CF 14','20/25','CF 16','20/50','CF 1','20/16','Eyelid Twitching','Shingles','Diabetes mellitus','Diabetes mellitus','Corneal surgery');
INSERT INTO EYEPATIENT VALUES ('CAT2016-036',72,'Rice','Leah','36','Y','F','4523638','2040059','20/25','+LP','CF 19','20/20','CF 12','CF 5','20/70','20/80','Glaucoma','Refractive error','Ischemic heart disease','Eye cancer','Eye muscle surgery');
INSERT INTO EYEPATIENT VALUES ('CAT2016-035',109,'Gilbert','Cummings','77','Y','F','5118155','7712658','20/50','CF 19','CF 5','+LP','CF 9','20/63','CF 20','CF 5','Low Vision','Corneal opacification','Chronic obstructive pulmonary disease','Eye cancer','Glaucoma surgery');
INSERT INTO EYEPATIENT VALUES ('CAT2016-034',104,'Leah','Daniels','89','N','M','8647474','5752414','CF 11','CF 18','CF 14','+LP','CF 12','20/200','20/70','CF 18','Ocular Hypertension','Gonorrhea','Lower respiratory infection','Ischemic heart disease','Eye muscle surgery');
INSERT INTO EYEPATIENT VALUES ('CAT2016-033',83,'Danny','Medina','62','Y','M','2040059','8581752','U','20/100','CF 19','CF 17','20/120','20/50','-LP','CF 9','Low Vision','Corneal opacification','Lower respiratory infection','Alzheimers disease','Oculoplastic surgery');
INSERT INTO EYEPATIENT VALUES ('CAT2016-032',82,'Guzman','Thompson','36','Y','F','7988564','7988564','20/40','CF 4','CF 5','20/120','CF 7','CF 16','CF 13','CF 4','Bulgin eyes','Ocular histoplasmosis syndrome','Ischemic heart disease','Diabetes mellitus','Glaucoma surgery');
INSERT INTO EYEPATIENT VALUES ('CAT2016-031',87,'Kelley','Colleen','22','N','F','1490443','6737610','20/160','20/25','CF 11','CF 9','20/63','CF 15','20/160','+LP','Diabetic Macular Edema','Refractive error','Coronary artery disease','Eye cancer','Oculoplastic surgery');
INSERT INTO EYEPATIENT VALUES ('CAT2016-030',46,'Danielle','Wood','84','N','F','7276516','8135383','20/50','CF 13','CF 11','CF 10','20/120','20/70','20/12.5','20/160','Eyelid Twitching','Bacterial keratitis','Lower respiratory infection','Coronary artery disease','Vitreo-retinal surgery');
INSERT INTO EYEPATIENT VALUES ('CAT2016-029',109,'Camille','Gross','23','N','F','7313992','1734433','CF 8','20/120','20/120','CF 15','CF 1','CF 3','20/70','CF 15','Eye Floaters and Eye Flashes','Shingles','Diabetes mellitus','Chronic obstructive pulmonary disease','Corneal surgery');
INSERT INTO EYEPATIENT VALUES ('CAT2016-028',138,'Stella','Brock','22','N','M','8463907','2595184','20/100','20/32','CF 6','CF 20','U','CF 7','CF 8','20/160','Cataract','Corneal opacification','Ischemic heart disease','Chronic obstructive pulmonary disease','Vitreo-retinal surgery');
INSERT INTO EYEPATIENT VALUES ('CAT2016-027',98,'Trevor','Eddie','45','N','F','8135383','8310129','20/200','CF 9','CF 2','20/12.5','CF 12','CF 11','CF 11','CF 20','Glaucoma','Shingles','Alzheimers disease','Diabetes mellitus','Refractive surgery');
INSERT INTO EYEPATIENT VALUES ('CAT2016-026',65,'Alison','Julius','5','N','M','1689354','8310129','CF 8','CF 16','CF 19','CF 18','20/16','20/40','CF 4','20/16','Eye Floaters and Eye Flashes','Refractive error','Diabetes mellitus','Stroke','Oculoplastic surgery');
INSERT INTO EYEPATIENT VALUES ('CAT2016-025',66,'Mclaughlin','Daniels','3','Y','F','5214085','7988564','CF 5','20/12.5','20/10','20/40','-LP','HM','20/70','20/120','Crossed eyes','Herpes simplex','Stroke','Chronic obstructive pulmonary disease','Oculoplastic surgery');
INSERT INTO EYEPATIENT VALUES ('CAT2016-024',125,'Julian','Hopkins','76','N','F','1734433','2595184','20/80','CF 12','CF 7','CF 14','CF 17','20/50','20/70','CF 20','Uveitis','Herpes simplex','Stroke','Alzheimers disease','Refractive surgery');
INSERT INTO EYEPATIENT VALUES ('CAT2016-023',119,'Derek','Dwight','27','Y','F','3050106','1490443','20/16','CF 13','20/50','20/50','CF 16','CF 2','20/70','CF 7','Low Vision','Bacterial keratitis','Ischemic heart disease','Alzheimers disease','Refractive surgery');
INSERT INTO EYEPATIENT VALUES ('CAT2016-022',6,'Alison','Jeffery','46','Y','M','7276516','4886899','CF 4','20/12.5','HM','20/63','20/32','20/160','CF 5','CF 9','Diabetic Macular Edema','Bacterial keratitis','Ischemic heart disease','Alzheimers disease','Cataract surgery');
INSERT INTO EYEPATIENT VALUES ('CAT2016-021',74,'Hammond','Shelton','96','Y','F','8581752','9572104','20/25','CF 2','CF 11','CF 14','CF 14','20/200','CF 12','CF 13','Muscular degeneration','Diabetic retinopathy','Eye cancer','Stroke','Eye muscle surgery');
INSERT INTO EYEPATIENT VALUES ('CAT2016-020',90,'Lena','Irene','10','Y','F','2595184','1490443','CF 3','CF 3','CF 12','20/50','CF 11','CF 16','20/12.5','-LP','Glaucoma','Ocular histoplasmosis syndrome','Ischemic heart disease','Diabetes mellitus','Oculoplastic surgery');
INSERT INTO EYEPATIENT VALUES ('CAT2016-019',60,'Christie','Guzman','52','Y','M','1431780','3050106','CF 16','CF 20','CF 20','20/20','20/10','20/40','CF 15','CF 8','CMV Retinitis','Diabetic retinopathy','Lower respiratory infection','Alzheimers disease','Refractive surgery');
INSERT INTO EYEPATIENT VALUES ('CAT2016-018',75,'Hicks','Simpson','14','N','M','6485324','1664753','20/200','CF 16','CF 11','CF 6','20/25','CF 20','CF 14','20/63','Muscular degeneration','Corneal opacification','Lower respiratory infection','Coronary artery disease','Eye muscle surgery');
INSERT INTO EYEPATIENT VALUES ('CAT2016-017',82,'Brandy','Trevor','14','Y','F','6363699','6195028','CF 14','CF 20','20/70','CF 12','20/20','CF 2','20/50','CF 1','Muscular degeneration','Refractive error','Lower respiratory infection','Ischemic heart disease','Oculoplastic surgery');
INSERT INTO EYEPATIENT VALUES ('CAT2016-016',121,'Danielle','Francis','43','N','M','6195028','3835080','CF 20','CF 4','20/160','20/32','+LP','20/40','20/10','CF 15','Eye Floaters and Eye Flashes','Gonorrhea','Alzheimers disease','Eye cancer','Eye muscle surgery');
INSERT INTO EYEPATIENT VALUES ('CAT2016-015',60,'Danielle','Martin','5','N','F','5214085','7988564','CF 4','20/10','20/100','CF 17','20/40','20/160','20/40','CF 9','CMV Retinitis','Herpes simplex','Diabetes mellitus','Coronary artery disease','Corneal surgery');
INSERT INTO EYEPATIENT VALUES ('CAT2016-014',89,'Leigh','Colleen','24','Y','F','3835080','8581752','CF 7','20/120','20/50','CF 4','20/32','CF 9','20/40','CF 12','CMV Retinitis','Ocular histoplasmosis syndrome','Stroke','Stroke','Corneal surgery');
INSERT INTO EYEPATIENT VALUES ('CAT2016-013',81,'Alison','Hamilton','31','Y','F','7313992','2040059','CF 12','CF 8','20/63','20/50','20/40','CF 8','CF 15','20/63','Keratoconus','Shingles','Eye cancer','Eye cancer','Cataract surgery');
INSERT INTO EYEPATIENT VALUES ('CAT2016-012',125,'Mccormick','Baldwin','59','N','M','6737610','6195028','20/70','CF 14','CF 18','CF 10','CF 13','20/120','CF 17','CF 13','Cataract','Chlamydia','Alzheimers disease','Alzheimers disease','Glaucoma surgery');
INSERT INTO EYEPATIENT VALUES ('CAT2016-011',53,'Curtis','Guzman','49','Y','M','5752414','7276516','CF 12','CF 7','CF 17','CF 8','20/40','CF 5','CF 3','HM','CMV Retinitis','Chlamydia','Chronic obstructive pulmonary disease','Coronary artery disease','Vitreo-retinal surgery');
INSERT INTO EYEPATIENT VALUES ('CAT2016-010',54,'Douglas','Nathaniel','43','N','F','4886899','6195028','20/63','CF 19','20/120','CF 2','20/12.5','CF 5','HM','20/20','Color blindness','Corneal opacification','Alzheimers disease','Diabetes mellitus','Eye muscle surgery');
INSERT INTO EYEPATIENT VALUES ('CAT2016-009',2,'Bryan','Walter','5','Y','F','3050106','9284165','20/10','CF 7','CF 10','+LP','CF 1','+LP','20/10','20/25','Ocular Hypertension','Corneal opacification','Alzheimers disease','Coronary artery disease','Glaucoma surgery');
INSERT INTO EYEPATIENT VALUES ('CAT2016-008',96,'Andrews','Kayla','99','N','M','9655984','1431780','20/32','CF 20','20/160','CF 18','CF 5','CF 19','20/63','20/20','Muscular degeneration','Herpes simplex','Chronic obstructive pulmonary disease','Eye cancer','Oculoplastic surgery');
INSERT INTO EYEPATIENT VALUES ('CAT2016-007',46,'Joey','Garcia','35','Y','F','1689354','6363699','CF 18','CF 20','20/20','20/200','20/10','U','CF 9','CF 2','Diabetic Macular Edema','Gonorrhea','Chronic obstructive pulmonary disease','Eye cancer','Refractive surgery');
INSERT INTO EYEPATIENT VALUES ('CAT2016-006',92,'Weber','Rice','26','Y','M','8310129','6195028','-LP','+LP','CF 13','CF 4','CF 1','CF 13','20/63','20/50','Low Vision','Gonorrhea','Chronic obstructive pulmonary disease','Coronary artery disease','Eye muscle surgery');
INSERT INTO EYEPATIENT VALUES ('CAT2016-005',26,'Bush','Curtis','79','Y','M','9284165','4523638','20/63','CF 15','CF 10','CF 7','20/20','CF 18','-LP','20/80','Bulgin eyes','Refractive error','Eye cancer','Coronary artery disease','Refractive surgery');
INSERT INTO EYEPATIENT VALUES ('CAT2016-004',111,'Dwight','Sandoval','61','N','M','5214085','8310129','20/32','CF 7','CF 6','20/25','20/25','20/70','CF 3','20/40','Low Vision','Chlamydia','Diabetes mellitus','Alzheimers disease','Eye muscle surgery');
INSERT INTO EYEPATIENT VALUES ('CAT2016-003',42,'Brandi','Danny','27','N','F','5118155','6485324','CF 12','CF 7','CF 4','20/32','CF 15','20/200','20/12.5','20/16','CMV Retinitis','Ocular histoplasmosis syndrome','Diabetes mellitus','Chronic obstructive pulmonary disease','Glaucoma surgery');
INSERT INTO EYEPATIENT VALUES ('CAT2016-002',80,'Javier','Love','29','Y','F','1431780','8310129','HM','CF 16','20/40','CF 14','CF 6','20/25','20/16','CF 20','Eyelid Twitching','Bacterial keratitis','Eye cancer','Stroke','Corneal surgery');
INSERT INTO EYEPATIENT VALUES ('CAT2016-001',62,'Latoya','Dwight','17','Y','M','4523638','9655984','CF 7','CF 10','CF 7','CF 6','CF 5','CF 1','20/80','CF 14','Uveitis','Refractive error','Ischemic heart disease','Ischemic heart disease','Corneal surgery');
INSERT INTO EYEPATIENT VALUES ('CAT2016-000',79,'Rice','Candace','56','N','M','6363699','4523638','20/32','20/32','20/20','CF 13','CF 6','CF 16','CF 9','CF 12','Glaucoma','Refractive error','Stroke','Coronary artery disease','Laser eye surgery');





