INSERT INTO PATIENT VALUES (null,'Susie','Hamilton','V');
INSERT INTO PATIENT VALUES (null,'Stella','Trevor','P');
INSERT INTO PATIENT VALUES (null,'Gregory','Eddie','T');
INSERT INTO PATIENT VALUES (null,'Wendy','Lena','I');
INSERT INTO PATIENT VALUES (null,'Homer','Alvarado','N');
INSERT INTO PATIENT VALUES (null,'Leigh','Derek','G');
INSERT INTO PATIENT VALUES (null,'Rosa','Sabrina','T');
INSERT INTO PATIENT VALUES (null,'Bryan','Julius','I');
INSERT INTO PATIENT VALUES (null,'Nathaniel','Rice','H');
INSERT INTO PATIENT VALUES (null,'Candace','Lyons','F');
INSERT INTO PATIENT VALUES (null,'Estelle','Gross','B');
INSERT INTO PATIENT VALUES (null,'Love','Angelina','G');
INSERT INTO PATIENT VALUES (null,'Hopkins','Daniels','Z');
INSERT INTO PATIENT VALUES (null,'Homer','Angelina','T');
INSERT INTO PATIENT VALUES (null,'Bell','Camille','N');
INSERT INTO PATIENT VALUES (null,'Sabrina','Guerrero','A');
INSERT INTO PATIENT VALUES (null,'Alvarado','Daniels','O');
INSERT INTO PATIENT VALUES (null,'Andrews','Nathaniel','B');
INSERT INTO PATIENT VALUES (null,'Douglas','Hamilton','L');
INSERT INTO PATIENT VALUES (null,'Nathaniel','Joey','C');
INSERT INTO PATIENT VALUES (null,'Danielle','Weber','B');
INSERT INTO PATIENT VALUES (null,'Brandi','Christie','O');
INSERT INTO PATIENT VALUES (null,'Eddie','Gilbert','L');
INSERT INTO PATIENT VALUES (null,'Estelle','Kayla','M');
INSERT INTO PATIENT VALUES (null,'Hopkins','Brock','Z');
INSERT INTO PATIENT VALUES (null,'Lyons','Mitchell','R');
INSERT INTO PATIENT VALUES (null,'Kayla','Jackie','M');
INSERT INTO PATIENT VALUES (null,'Hammond','Daniels','M');
INSERT INTO PATIENT VALUES (null,'Rice','Sabrina','U');
INSERT INTO PATIENT VALUES (null,'Christie','Rosa','Y');
INSERT INTO PATIENT VALUES (null,'Alvarado','Guerrero','Q');
INSERT INTO PATIENT VALUES (null,'Brandi','Alvarado','T');
INSERT INTO PATIENT VALUES (null,'Colleen','Curtis','V');
INSERT INTO PATIENT VALUES (null,'Love','Lena','F');
INSERT INTO PATIENT VALUES (null,'Gilbert','Bell','Z');
INSERT INTO PATIENT VALUES (null,'Susie','Gross','X');
INSERT INTO PATIENT VALUES (null,'Angelina','Lamar','V');
INSERT INTO PATIENT VALUES (null,'Weber','Curtis','W');
INSERT INTO PATIENT VALUES (null,'Leigh','Angelina','W');
INSERT INTO PATIENT VALUES (null,'Daniels','Wood','O');
INSERT INTO PATIENT VALUES (null,'Jackie','Leah','E');
INSERT INTO PATIENT VALUES (null,'Kelley','Mitchell','G');
INSERT INTO PATIENT VALUES (null,'Estelle','Gross','V');
INSERT INTO PATIENT VALUES (null,'Colleen','Andrews','S');
INSERT INTO PATIENT VALUES (null,'Colleen','Brock','Q');
INSERT INTO PATIENT VALUES (null,'Sabrina','Love','K');
INSERT INTO PATIENT VALUES (null,'Lyons','Bell','N');
INSERT INTO PATIENT VALUES (null,'Curtis','Hopkins','W');
INSERT INTO PATIENT VALUES (null,'Murphy','Gregory','T');
INSERT INTO PATIENT VALUES (null,'Brandi','Wendy','D');
INSERT INTO PATIENT VALUES (null,'Brock','Joey','Z');
INSERT INTO PATIENT VALUES (null,'Colleen','Wendy','W');
INSERT INTO PATIENT VALUES (null,'Hammond','Mccormick','N');
INSERT INTO PATIENT VALUES (null,'Susie','Thompson','F');
INSERT INTO PATIENT VALUES (null,'Jackie','Bennie','Y');
INSERT INTO PATIENT VALUES (null,'Baldwin','Hamilton','A');
INSERT INTO PATIENT VALUES (null,'Brandi','Colleen','J');
INSERT INTO PATIENT VALUES (null,'Lamar','Gregory','L');
INSERT INTO PATIENT VALUES (null,'Susie','Weber','L');
INSERT INTO PATIENT VALUES (null,'Hamilton','Angelina','Q');
INSERT INTO PATIENT VALUES (null,'Camille','Mccormick','E');
INSERT INTO PATIENT VALUES (null,'Julius','Leigh','O');
INSERT INTO PATIENT VALUES (null,'Bell','Gilbert','R');
INSERT INTO PATIENT VALUES (null,'Guerrero','Hammond','H');
INSERT INTO PATIENT VALUES (null,'Brandi','Curtis','S');
INSERT INTO PATIENT VALUES (null,'Estelle','Julius','O');
INSERT INTO PATIENT VALUES (null,'Kelley','Love','S');
INSERT INTO PATIENT VALUES (null,'Sabrina','Brock','D');
INSERT INTO PATIENT VALUES (null,'Daniels','Daniels','E');
INSERT INTO PATIENT VALUES (null,'Douglas','Gregory','H');
INSERT INTO PATIENT VALUES (null,'Rosa','Stella','O');
INSERT INTO PATIENT VALUES (null,'Lamar','Lena','M');
INSERT INTO PATIENT VALUES (null,'Alvarado','Eddie','Y');
INSERT INTO PATIENT VALUES (null,'Rosa','Mccormick','I');
INSERT INTO PATIENT VALUES (null,'Jackie','Mccormick','Z');
INSERT INTO PATIENT VALUES (null,'Baldwin','Curtis','R');
INSERT INTO PATIENT VALUES (null,'Eddie','Kelley','L');
INSERT INTO PATIENT VALUES (null,'Danielle','Martin','V');
INSERT INTO PATIENT VALUES (null,'Daniels','Rice','R');
INSERT INTO PATIENT VALUES (null,'Danielle','Lamar','O');
INSERT INTO PATIENT VALUES (null,'Colleen','Kelley','E');
INSERT INTO PATIENT VALUES (null,'Kelley','Julius','E');
INSERT INTO PATIENT VALUES (null,'Leigh','Mccormick','M');
INSERT INTO PATIENT VALUES (null,'Brandi','Stella','U');
INSERT INTO PATIENT VALUES (null,'Derek','Joey','W');
INSERT INTO PATIENT VALUES (null,'Lyons','Homer','R');
INSERT INTO PATIENT VALUES (null,'Weber','Gross','S');
INSERT INTO PATIENT VALUES (null,'Rosa','Hammond','U');
INSERT INTO PATIENT VALUES (null,'Kelley','Guerrero','N');
INSERT INTO PATIENT VALUES (null,'Homer','Curtis','I');
INSERT INTO PATIENT VALUES (null,'Nathaniel','Guerrero','A');
INSERT INTO PATIENT VALUES (null,'Leah','Kayla','P');
INSERT INTO PATIENT VALUES (null,'Underwood','Camille','V');
INSERT INTO PATIENT VALUES (null,'Hopkins','Curtis','J');
INSERT INTO PATIENT VALUES (null,'Lyons','Bell','F');
INSERT INTO PATIENT VALUES (null,'Weber','Guerrero','N');
INSERT INTO PATIENT VALUES (null,'Dwayne','Sabrina','N');
INSERT INTO PATIENT VALUES (null,'Wendy','Homer','Q');
INSERT INTO PATIENT VALUES (null,'Rosa','Brock','R');
INSERT INTO PATIENT VALUES (null,'Danielle','Guerrero','T');
INSERT INTO PATIENT VALUES (null,'Joey','Gregory','V');
INSERT INTO PATIENT VALUES (null,'Rosa','Love','D');
INSERT INTO PATIENT VALUES (null,'Mccormick','Gross','V');
INSERT INTO PATIENT VALUES (null,'Brandi','Angelina','A');
INSERT INTO PATIENT VALUES (null,'Wood','Andrews','O');
INSERT INTO PATIENT VALUES (null,'Thompson','Thompson','G');
INSERT INTO PATIENT VALUES (null,'Weber','Candace','L');
INSERT INTO PATIENT VALUES (null,'Mitchell','Gross','J');
INSERT INTO PATIENT VALUES (null,'Stella','Estelle','H');
INSERT INTO PATIENT VALUES (null,'Mitchell','Camille','S');
INSERT INTO PATIENT VALUES (null,'Camille','Mccormick','E');
INSERT INTO PATIENT VALUES (null,'Stella','Hammond','U');
INSERT INTO PATIENT VALUES (null,'Mccormick','Estelle','C');
INSERT INTO PATIENT VALUES (null,'Love','Trevor','X');
INSERT INTO PATIENT VALUES (null,'Dwayne','Gross','E');
INSERT INTO PATIENT VALUES (null,'Martin','Susie','O');
INSERT INTO PATIENT VALUES (null,'Murphy','Thompson','T');
INSERT INTO PATIENT VALUES (null,'Eddie','Colleen','J');
INSERT INTO PATIENT VALUES (null,'Rosa','Mitchell','D');
INSERT INTO PATIENT VALUES (null,'Julius','Estelle','L');
INSERT INTO PATIENT VALUES (null,'Estelle','Underwood','F');
INSERT INTO PATIENT VALUES (null,'Andrews','Camille','J');
INSERT INTO PATIENT VALUES (null,'Andrews','Mccormick','D');
INSERT INTO PATIENT VALUES (null,'Douglas','Gross','V');
INSERT INTO PATIENT VALUES (null,'Bell','Wendy','J');
INSERT INTO PATIENT VALUES (null,'Stella','Estelle','Z');
INSERT INTO PATIENT VALUES (null,'Douglas','Thompson','H');
INSERT INTO PATIENT VALUES (null,'Martin','Gross','M');
INSERT INTO PATIENT VALUES (null,'Gilbert','Joey','M');
INSERT INTO PATIENT VALUES (null,'Colleen','Gross','Z');
INSERT INTO PATIENT VALUES (null,'Hopkins','Lamar','Q');
INSERT INTO PATIENT VALUES (null,'Trevor','Kayla','E');
INSERT INTO PATIENT VALUES (null,'Christie','Nathaniel','D');
INSERT INTO PATIENT VALUES (null,'Alvarado','Joey','L');
INSERT INTO PATIENT VALUES (null,'Lamar','Brandi','Y');
INSERT INTO PATIENT VALUES (null,'Eddie','Gross','S');
INSERT INTO PATIENT VALUES (null,'Danielle','Thompson','R');
INSERT INTO PATIENT VALUES (null,'Homer','Martin','S');
INSERT INTO PATIENT VALUES (null,'Christie','Hamilton','T');
INSERT INTO PATIENT VALUES (null,'Rice','Love','Y');
INSERT INTO PATIENT VALUES (null,'Camille','Martin','N');






INSERT INTO STAFF VALUES (7095885,'Zachary','Dwight');
INSERT INTO STAFF VALUES (7337430,'Hicks','Riley');
INSERT INTO STAFF VALUES (9195659,'Francis','Arnold');
INSERT INTO STAFF VALUES (5533943,'Garcia','Stevenson');
INSERT INTO STAFF VALUES (1249058,'Arnold','Garcia');
INSERT INTO STAFF VALUES (4420993,'Hicks','Danny');
INSERT INTO STAFF VALUES (9046468,'Hogan','Quinn');
INSERT INTO STAFF VALUES (4443964,'Ricky','Chad');
INSERT INTO STAFF VALUES (6615119,'Alison','Stevenson');
INSERT INTO STAFF VALUES (7741604,'Hogan','Chad');
INSERT INTO STAFF VALUES (3696629,'Garcia','Quinn');
INSERT INTO STAFF VALUES (4972283,'Riley','Hogan');






INSERT INTO DOCTOR VALUES ('1135008','Nathaniel','Bell','318 S. Evergreen Ave. Carmel, NY 10512','Pediatrician', 'T');
INSERT INTO DOCTOR VALUES ('5259438','Curtis','Weber','83 Wayne St. Winter Springs, FL 32708','Surgeon', 'T');
INSERT INTO DOCTOR VALUES ('8981370','Julius','Underwood','83 Wayne St. Winter Springs, FL 32708','Internist', 'T');
INSERT INTO DOCTOR VALUES ('9566286','Jackie','Wendy','7404 Indian Summer Ave. Chelsea, MA 02150','Pediatrician', 'T');
INSERT INTO DOCTOR VALUES ('6887802','Kelley','Kayla','8113 S. Augusta Court York, PA 17402','Internist', 'T');
INSERT INTO DOCTOR VALUES ('1191176','Mccormick','Douglas','9762 N. East St. North Bergen, NJ 07047','Surgeon', 'T');
INSERT INTO DOCTOR VALUES ('9490075','Love','Martin','8113 S. Augusta Court York, PA 17402','Ophtalmologist', 'T');
INSERT INTO DOCTOR VALUES ('3384344','Baldwin','Curtis','48 W. Shipley St. Downingtown, PA 19335','Ophtalmologist', 'T');
INSERT INTO DOCTOR VALUES ('3907025','Baldwin','Wendy','91 East Longfellow St. Saint Cloud, MN 56301','Pediatrician', 'T');
INSERT INTO DOCTOR VALUES ('1251107','Baldwin','Estelle','9195 S. Rockledge Street Spring Hill, FL 34608','Anesthesiologist', 'T');
INSERT INTO DOCTOR VALUES ('6612465','Alvarado','Alvarado','9195 S. Rockledge Street Spring Hill, FL 34608','Anesthesiologist', 'T');
INSERT INTO DOCTOR VALUES ('6651070','Brandi','Kayla','7677 Smoky Hollow Avenue Annapolis, MD 21401','Surgeon', 'T');
INSERT INTO DOCTOR VALUES ('5873227','Jackie','Derek','7645 Annadale Ave. Londonderry, NH 03053','Internist', 'T');
INSERT INTO DOCTOR VALUES ('8102196','Lena','Bryan','468 Heather St. Suite 5 Desoto, TX 75115','Surgeon', 'T');
INSERT INTO DOCTOR VALUES ('6681511','Hamilton','Hamilton','7696 Arnold Dr. Richardson, TX 75080','Surgeon', 'T');
INSERT INTO DOCTOR VALUES ('5605387','Andrews','Sabrina','8906 North Drive Astoria, NY 11102','Pediatrician', 'T');
INSERT INTO DOCTOR VALUES ('3857584','Bell','Homer','240 Lincoln Street Rochester, NY 14606','Pediatrician', 'T');
INSERT INTO DOCTOR VALUES ('4253434','Bennie','Lamar','17 Beacon Drive Bethlehem, PA 18015','Surgeon', 'T');
INSERT INTO DOCTOR VALUES ('1766540','Colleen','Nathaniel','7404 Indian Summer Ave. Chelsea, MA 02150','Ophtalmologist', 'T');
INSERT INTO DOCTOR VALUES ('4524348','Gregory','Underwood','7214 Marsh St. Kernersville, NC 27284','Ophtalmologist', 'T');
INSERT INTO DOCTOR VALUES ('5302785','Wood','Trevor','8625 Bellevue Ave. Canal Winchester, OH 43110','Pediatrician', 'T');
INSERT INTO DOCTOR VALUES ('6429072','Alvarado','Gilbert','83 Wayne St. Winter Springs, FL 32708','Anesthesiologist', 'T');
INSERT INTO DOCTOR VALUES ('4056963','Love','Joey','9762 N. East St. North Bergen, NJ 07047','Pediatrician', 'T');
INSERT INTO DOCTOR VALUES ('8064432','Camille','Guerrero','468 Heather St. Suite 5 Desoto, TX 75115','Anesthesiologist', 'T');
INSERT INTO DOCTOR VALUES ('5511434','Colleen','Camille','39 Catherine Street Pataskala, OH 43062','Ophtalmologist', 'T');
INSERT INTO DOCTOR VALUES ('9709798','Angelina','Gross','83 Wayne St. Winter Springs, FL 32708','Anesthesiologist', 'T');
INSERT INTO DOCTOR VALUES ('7173475','Bryan','Christie','7601 Piper Avenue Cordova, TN 38016','Pediatrician', 'T');
INSERT INTO DOCTOR VALUES ('5927963','Jackie','Nathaniel','90 Beacon St. Buford, GA 30518','Surgeon', 'T');






INSERT INTO EYEPATIENT VALUES ('CAT2018-046',1,'Hamilton','Susie','52','N','M',4056963,9046468,'20/25','CF 9','20/25','20/63','20/120','CF 3','CF 2','CF 10','CMV Retinitis','Diabetic retinopathy','Diabetes mellitus','Eye cancer');
INSERT INTO EYEPATIENT VALUES ('CAT2018-045',2,'Trevor','Stella','15','Y','M',9566286,7741604,'CF 1','CF 5','CF 4','CF 3','20/70','CF 16','20/80','CF 19','Keratoconus','Ocular histoplasmosis syndrome','Ischemic heart disease','Alzheimers disease');
INSERT INTO EYEPATIENT VALUES ('CAT2018-044',3,'Eddie','Gregory','28','Y','M',7173475,7337430,'CF 9','CF 8','CF 14','CF 7','20/40','+LP','CF 15','20/20','Retinal Detachment','Bacterial keratitis','Eye cancer','Alzheimers disease');
INSERT INTO EYEPATIENT VALUES ('CAT2018-043',4,'Lena','Wendy','72','N','F',6429072,5533943,'U','CF 19','CF 15','20/63','20/80','20/10','CF 6','CF 4','CMV Retinitis','Refractive error','Alzheimers disease','Diabetes mellitus');
INSERT INTO EYEPATIENT VALUES ('CAT2018-042',5,'Alvarado','Homer','77','Y','M',1191176,9195659,'CF 16','-LP','CF 10','CF 1','20/63','-LP','CF 13','-LP','Glaucoma','Chlamydia','Alzheimers disease','Diabetes mellitus');
INSERT INTO EYEPATIENT VALUES ('CAT2018-041',6,'Derek','Leigh','36','N','F',3384344,7095885,'CF 5','-LP','CF 14','CF 14','CF 1','CF 16','20/70','+LP','Bulgin eyes','Ocular histoplasmosis syndrome','Chronic obstructive pulmonary disease','Diabetes mellitus');
INSERT INTO EYEPATIENT VALUES ('CAT2018-040',7,'Sabrina','Rosa','4','Y','M',5259438,7095885,'20/120','CF 5','CF 14','CF 8','CF 6','CF 13','CF 3','CF 16','Uveitis','Refractive error','Ischemic heart disease','Lower respiratory infection');
INSERT INTO EYEPATIENT VALUES ('CAT2018-039',8,'Julius','Bryan','66','N','F',3857584,7337430,'20/120','CF 11','CF 10','+LP','CF 4','20/160','20/50','CF 17','Uveitis','Herpes simplex','Stroke','Stroke');
INSERT INTO EYEPATIENT VALUES ('CAT2018-038',9,'Rice','Nathaniel','7','Y','F',6429072,6615119,'CF 6','20/200','CF 19','CF 13','CF 11','CF 10','CF 16','-LP','Keratoconus','Bacterial keratitis','Lower respiratory infection','Chronic obstructive pulmonary disease');
INSERT INTO EYEPATIENT VALUES ('CAT2018-037',10,'Lyons','Candace','84','N','F',8064432,4972283,'20/40','20/40','CF 16','CF 8','20/32','CF 7','CF 9','-LP','Glaucoma','Corneal opacification','Stroke','Alzheimers disease');
INSERT INTO EYEPATIENT VALUES ('CAT2018-036',11,'Gross','Estelle','4','N','M',5927963,4443964,'CF 9','CF 19','CF 17','CF 12','CF 8','20/120','20/25','CF 14','Eyelid Twitching','Herpes simplex','Diabetes mellitus','Coronary artery disease');
INSERT INTO EYEPATIENT VALUES ('CAT2018-035',12,'Angelina','Love','20','N','F',5605387,1249058,'U','20/63','CF 8','20/63','20/100','CF 7','CF 7','20/63','Diabetic Macular Edema','Refractive error','Chronic obstructive pulmonary disease','Eye cancer');
INSERT INTO EYEPATIENT VALUES ('CAT2018-034',13,'Daniels','Hopkins','91','N','F',1135008,7095885,'20/40','20/80','20/80','20/25','CF 5','CF 13','CF 1','-LP','Eye Floaters and Eye Flashes','Diabetic retinopathy','Stroke','Stroke');
INSERT INTO EYEPATIENT VALUES ('CAT2018-033',14,'Angelina','Homer','53','N','M',5605387,4420993,'CF 6','CF 10','CF 7','CF 12','CF 13','CF 4','+LP','CF 3','Glaucoma','Diabetic retinopathy','Chronic obstructive pulmonary disease','Chronic obstructive pulmonary disease');
INSERT INTO EYEPATIENT VALUES ('CAT2018-032',15,'Camille','Bell','55','Y','M',3857584,6615119,'CF 10','20/32','20/12.5','20/50','CF 19','20/10','CF 13','CF 16','Low Vision','Shingles','Coronary artery disease','Eye cancer');
INSERT INTO EYEPATIENT VALUES ('CAT2018-031',16,'Guerrero','Sabrina','2','N','M',8981370,6615119,'20/70','CF 1','HM','-LP','CF 15','CF 12','CF 13','20/200','Color blindness','Diabetic retinopathy','Eye cancer','Chronic obstructive pulmonary disease');
INSERT INTO EYEPATIENT VALUES ('CAT2018-030',17,'Daniels','Alvarado','29','Y','F',6887802,7095885,'20/50','CF 10','U','CF 20','CF 12','20/25','CF 11','CF 19','Diabetic Macular Edema','Herpes simplex','Coronary artery disease','Eye cancer');
INSERT INTO EYEPATIENT VALUES ('CAT2018-029',18,'Nathaniel','Andrews','31','Y','F',1191176,3696629,'CF 16','CF 17','HM','20/200','CF 6','CF 11','CF 17','CF 12','Muscular degeneration','Diabetic retinopathy','Coronary artery disease','Diabetes mellitus');
INSERT INTO EYEPATIENT VALUES ('CAT2018-028',19,'Hamilton','Douglas','6','N','M',9566286,7337430,'CF 20','20/12.5','CF 10','20/20','CF 20','CF 5','CF 8','CF 12','Glaucoma','Herpes simplex','Eye cancer','Chronic obstructive pulmonary disease');
INSERT INTO EYEPATIENT VALUES ('CAT2018-027',20,'Joey','Nathaniel','18','Y','M',1251107,7337430,'CF 14','20/100','CF 9','CF 16','20/200','CF 3','CF 11','20/70','Uveitis','Chlamydia','Coronary artery disease','Chronic obstructive pulmonary disease');
INSERT INTO EYEPATIENT VALUES ('CAT2018-026',21,'Weber','Danielle','99','Y','F',9566286,7337430,'CF 1','CF 19','20/200','20/40','20/12.5','20/100','CF 14','20/63','CMV Retinitis','Ocular histoplasmosis syndrome','Diabetes mellitus','Stroke');
INSERT INTO EYEPATIENT VALUES ('CAT2018-025',22,'Christie','Brandi','99','Y','M',5927963,9195659,'20/40','20/20','20/12.5','CF 11','20/120','CF 16','CF 1','CF 8','Retinal Detachment','Herpes simplex','Chronic obstructive pulmonary disease','Stroke');
INSERT INTO EYEPATIENT VALUES ('CAT2018-024',23,'Gilbert','Eddie','3','Y','F',1251107,7095885,'20/20','CF 8','20/70','CF 5','CF 6','20/70','U','CF 2','CMV Retinitis','Gonorrhea','Lower respiratory infection','Ischemic heart disease');
INSERT INTO EYEPATIENT VALUES ('CAT2018-023',24,'Kayla','Estelle','85','N','F',3907025,9046468,'20/120','20/40','CF 8','CF 14','CF 1','20/160','CF 1','CF 2','Muscular degeneration','Bacterial keratitis','Stroke','Ischemic heart disease');
INSERT INTO EYEPATIENT VALUES ('CAT2018-022',25,'Brock','Hopkins','86','Y','F',5511434,4972283,'20/100','20/200','CF 10','CF 2','20/16','CF 13','CF 4','CF 10','Lazy Eye','Shingles','Lower respiratory infection','Ischemic heart disease');
INSERT INTO EYEPATIENT VALUES ('CAT2018-021',26,'Mitchell','Lyons','46','Y','F',1191176,4443964,'20/50','CF 17','CF 12','CF 11','20/100','CF 5','CF 14','CF 5','Muscular degeneration','Refractive error','Stroke','Alzheimers disease');
INSERT INTO EYEPATIENT VALUES ('CAT2018-020',27,'Jackie','Kayla','59','Y','F',4524348,6615119,'CF 17','CF 9','CF 13','20/160','CF 18','CF 18','20/63','CF 14','Keratoconus','Refractive error','Coronary artery disease','Chronic obstructive pulmonary disease');
INSERT INTO EYEPATIENT VALUES ('CAT2018-019',28,'Daniels','Hammond','10','N','F',1251107,4443964,'20/160','CF 11','CF 15','CF 18','20/16','20/63','CF 14','20/50','Muscular degeneration','Bacterial keratitis','Ischemic heart disease','Stroke');
INSERT INTO EYEPATIENT VALUES ('CAT2018-018',29,'Sabrina','Rice','65','N','M',5605387,5533943,'20/25','HM','U','20/160','CF 20','-LP','CF 12','-LP','Low Vision','Shingles','Eye cancer','Eye cancer');
INSERT INTO EYEPATIENT VALUES ('CAT2018-017',30,'Rosa','Christie','77','Y','F',4524348,9046468,'CF 8','U','CF 5','CF 5','20/50','CF 9','20/100','HM','Ocular Hypertension','Bacterial keratitis','Alzheimers disease','Lower respiratory infection');
INSERT INTO EYEPATIENT VALUES ('CAT2018-016',31,'Guerrero','Alvarado','63','Y','M',5605387,9046468,'-LP','CF 7','HM','CF 17','CF 4','20/50','HM','CF 11','Low Vision','Herpes simplex','Chronic obstructive pulmonary disease','Stroke');
INSERT INTO EYEPATIENT VALUES ('CAT2018-015',32,'Alvarado','Brandi','40','N','F',1251107,5533943,'CF 17','-LP','20/70','20/20','CF 3','CF 2','20/50','CF 18','Eye Floaters and Eye Flashes','Ocular histoplasmosis syndrome','Eye cancer','Diabetes mellitus');
INSERT INTO EYEPATIENT VALUES ('CAT2018-014',33,'Curtis','Colleen','31','Y','F',9709798,5533943,'CF 12','+LP','20/100','U','20/20','20/100','20/70','CF 7','Muscular degeneration','Diabetic retinopathy','Diabetes mellitus','Lower respiratory infection');
INSERT INTO EYEPATIENT VALUES ('CAT2018-013',34,'Lena','Love','92','N','M',5873227,9046468,'20/10','20/25','20/100','CF 14','CF 10','20/160','CF 13','CF 19','Uveitis','Bacterial keratitis','Ischemic heart disease','Ischemic heart disease');
INSERT INTO EYEPATIENT VALUES ('CAT2018-012',35,'Bell','Gilbert','25','N','F',9490075,7095885,'CF 17','CF 2','CF 3','20/100','CF 13','20/200','CF 15','20/63','Lazy Eye','Ocular histoplasmosis syndrome','Lower respiratory infection','Lower respiratory infection');
INSERT INTO EYEPATIENT VALUES ('CAT2018-011',36,'Gross','Susie','7','Y','M',8102196,7337430,'CF 9','CF 17','CF 2','CF 6','CF 19','CF 1','-LP','20/120','Diabetic Macular Edema','Gonorrhea','Chronic obstructive pulmonary disease','Chronic obstructive pulmonary disease');
INSERT INTO EYEPATIENT VALUES ('CAT2018-010',37,'Lamar','Angelina','84','Y','M',4056963,7741604,'CF 8','CF 10','CF 3','CF 17','CF 18','CF 15','CF 16','CF 9','Retinal Detachment','Diabetic retinopathy','Stroke','Alzheimers disease');
INSERT INTO EYEPATIENT VALUES ('CAT2018-009',38,'Curtis','Weber','25','Y','M',9490075,9195659,'20/63','CF 2','+LP','CF 1','CF 2','CF 14','CF 10','CF 13','CMV Retinitis','Bacterial keratitis','Eye cancer','Chronic obstructive pulmonary disease');
INSERT INTO EYEPATIENT VALUES ('CAT2018-008',39,'Angelina','Leigh','60','N','F',9490075,4443964,'CF 20','20/40','CF 8','20/25','CF 2','CF 8','CF 6','20/160','Ocular Hypertension','Shingles','Ischemic heart disease','Alzheimers disease');
INSERT INTO EYEPATIENT VALUES ('CAT2018-007',40,'Wood','Daniels','3','N','F',1135008,3696629,'CF 3','20/16','CF 12','CF 9','20/120','20/20','20/80','20/160','Color blindness','Herpes simplex','Lower respiratory infection','Ischemic heart disease');
INSERT INTO EYEPATIENT VALUES ('CAT2018-006',41,'Leah','Jackie','51','N','F',6681511,7741604,'20/120','CF 8','CF 14','CF 5','CF 1','HM','CF 8','20/25','Ocular Hypertension','Ocular histoplasmosis syndrome','Eye cancer','Lower respiratory infection');
INSERT INTO EYEPATIENT VALUES ('CAT2018-005',42,'Mitchell','Kelley','96','N','M',5511434,7337430,'HM','CF 19','+LP','CF 18','20/12.5','-LP','CF 16','20/25','Muscular degeneration','Corneal opacification','Coronary artery disease','Alzheimers disease');
INSERT INTO EYEPATIENT VALUES ('CAT2018-004',43,'Gross','Estelle','59','Y','M',5259438,7337430,'-LP','CF 11','U','CF 18','20/10','CF 5','CF 5','20/25','Low Vision','Refractive error','Ischemic heart disease','Chronic obstructive pulmonary disease');
INSERT INTO EYEPATIENT VALUES ('CAT2018-003',44,'Andrews','Colleen','7','N','F',8064432,7095885,'20/12.5','20/80','CF 19','CF 13','20/120','20/200','20/20','20/160','Uveitis','Diabetic retinopathy','Chronic obstructive pulmonary disease','Stroke');
INSERT INTO EYEPATIENT VALUES ('CAT2018-002',45,'Brock','Colleen','12','N','M',1135008,3696629,'20/25','CF 10','20/100','CF 4','CF 13','CF 16','CF 7','CF 16','Eye Floaters and Eye Flashes','Gonorrhea','Eye cancer','Alzheimers disease');
INSERT INTO EYEPATIENT VALUES ('CAT2018-001',46,'Love','Sabrina','5','N','F',8981370,4420993,'CF 3','CF 14','20/160','20/40','20/80','20/160','-LP','CF 19','Eyelid Twitching','Diabetic retinopathy','Coronary artery disease','Ischemic heart disease');
INSERT INTO EYEPATIENT VALUES ('CAT2018-000',47,'Bell','Lyons','53','Y','M',5302785,9046468,'CF 18','CF 11','20/20','20/50','CF 17','CF 4','CF 7','CF 13','Retinal Detachment','Ocular histoplasmosis syndrome','Coronary artery disease','Stroke');
INSERT INTO EYEPATIENT VALUES ('CAT2017-046',48,'Hopkins','Curtis','90','Y','F',9566286,5533943,'HM','20/70','20/200','CF 20','20/40','20/12.5','20/32','CF 14','Diabetic Macular Edema','Corneal opacification','Alzheimers disease','Alzheimers disease');
INSERT INTO EYEPATIENT VALUES ('CAT2017-045',49,'Gregory','Murphy','95','Y','M',5605387,7337430,'20/200','CF 9','CF 20','CF 5','CF 9','HM','U','20/16','Diabetic Macular Edema','Bacterial keratitis','Lower respiratory infection','Alzheimers disease');
INSERT INTO EYEPATIENT VALUES ('CAT2017-044',50,'Wendy','Brandi','96','N','F',4056963,4972283,'CF 15','20/20','20/50','20/63','CF 1','20/10','CF 20','20/160','Eye Floaters and Eye Flashes','Shingles','Coronary artery disease','Coronary artery disease');
INSERT INTO EYEPATIENT VALUES ('CAT2017-043',51,'Joey','Brock','19','Y','F',3907025,5533943,'20/120','CF 13','CF 20','CF 1','20/200','CF 19','20/100','CF 14','Eye Floaters and Eye Flashes','Shingles','Coronary artery disease','Eye cancer');
INSERT INTO EYEPATIENT VALUES ('CAT2017-042',52,'Wendy','Colleen','97','Y','F',9490075,9046468,'CF 18','20/25','20/160','20/160','CF 13','CF 19','CF 20','20/80','Keratoconus','Diabetic retinopathy','Diabetes mellitus','Eye cancer');
INSERT INTO EYEPATIENT VALUES ('CAT2017-041',53,'Mccormick','Hammond','42','Y','M',5873227,1249058,'CF 8','CF 9','CF 10','20/160','CF 12','CF 3','CF 5','20/40','Uveitis','Bacterial keratitis','Lower respiratory infection','Chronic obstructive pulmonary disease');
INSERT INTO EYEPATIENT VALUES ('CAT2017-040',54,'Thompson','Susie','51','N','M',8981370,5533943,'CF 18','20/160','20/40','CF 19','CF 14','20/16','20/32','20/12.5','Glaucoma','Chlamydia','Ischemic heart disease','Chronic obstructive pulmonary disease');
INSERT INTO EYEPATIENT VALUES ('CAT2017-039',55,'Bennie','Jackie','51','Y','F',4056963,4420993,'CF 4','CF 4','CF 8','20/16','CF 12','CF 10','CF 15','CF 10','CMV Retinitis','Ocular histoplasmosis syndrome','Ischemic heart disease','Alzheimers disease');
INSERT INTO EYEPATIENT VALUES ('CAT2017-038',56,'Hamilton','Baldwin','41','N','M',9709798,3696629,'20/10','CF 4','CF 8','20/25','CF 17','20/40','20/160','CF 10','Eyelid Twitching','Ocular histoplasmosis syndrome','Stroke','Stroke');
INSERT INTO EYEPATIENT VALUES ('CAT2017-037',57,'Colleen','Brandi','29','Y','F',8102196,4443964,'CF 5','+LP','CF 17','20/80','-LP','CF 15','CF 7','CF 16','CMV Retinitis','Shingles','Alzheimers disease','Ischemic heart disease');
INSERT INTO EYEPATIENT VALUES ('CAT2017-036',58,'Gregory','Lamar','34','Y','F',5605387,7337430,'20/100','CF 3','CF 12','CF 14','CF 2','CF 16','CF 7','-LP','Ocular Hypertension','Refractive error','Alzheimers disease','Diabetes mellitus');
INSERT INTO EYEPATIENT VALUES ('CAT2017-035',59,'Weber','Susie','9','Y','F',1191176,7741604,'CF 16','CF 11','CF 6','20/16','CF 2','CF 6','20/63','CF 4','Uveitis','Refractive error','Stroke','Chronic obstructive pulmonary disease');
INSERT INTO EYEPATIENT VALUES ('CAT2017-034',60,'Angelina','Hamilton','92','N','F',4056963,9046468,'CF 15','20/100','20/16','20/40','CF 6','CF 7','CF 3','20/40','Eye Floaters and Eye Flashes','Chlamydia','Stroke','Coronary artery disease');
INSERT INTO EYEPATIENT VALUES ('CAT2017-033',61,'Mccormick','Camille','5','N','M',3384344,7337430,'CF 17','CF 6','20/40','CF 13','20/25','CF 13','20/20','20/16','Eye Floaters and Eye Flashes','Corneal opacification','Stroke','Diabetes mellitus');
INSERT INTO EYEPATIENT VALUES ('CAT2017-032',62,'Leigh','Julius','37','N','F',8981370,7337430,'20/63','-LP','20/160','20/63','20/160','HM','CF 12','CF 16','Uveitis','Chlamydia','Stroke','Eye cancer');
INSERT INTO EYEPATIENT VALUES ('CAT2017-031',63,'Gilbert','Bell','56','Y','F',5605387,5533943,'20/63','CF 13','CF 5','CF 20','20/80','20/100','20/25','CF 10','Retinal Detachment','Diabetic retinopathy','Stroke','Lower respiratory infection');
INSERT INTO EYEPATIENT VALUES ('CAT2017-030',64,'Hammond','Guerrero','44','N','M',9490075,1249058,'20/120','20/32','CF 3','20/25','-LP','CF 11','CF 17','20/40','Lazy Eye','Bacterial keratitis','Ischemic heart disease','Lower respiratory infection');
INSERT INTO EYEPATIENT VALUES ('CAT2017-029',65,'Curtis','Brandi','56','N','F',5511434,9046468,'CF 20','CF 4','20/80','CF 4','CF 11','20/100','-LP','20/100','Crossed eyes','Gonorrhea','Eye cancer','Chronic obstructive pulmonary disease');
INSERT INTO EYEPATIENT VALUES ('CAT2017-028',66,'Julius','Estelle','91','Y','M',8102196,4420993,'CF 16','+LP','CF 10','CF 3','20/100','CF 18','HM','CF 19','Lazy Eye','Herpes simplex','Ischemic heart disease','Alzheimers disease');
INSERT INTO EYEPATIENT VALUES ('CAT2017-027',67,'Love','Kelley','37','Y','M',5927963,4420993,'-LP','CF 18','CF 18','20/63','CF 1','20/120','20/200','CF 5','Keratoconus','Herpes simplex','Lower respiratory infection','Chronic obstructive pulmonary disease');
INSERT INTO EYEPATIENT VALUES ('CAT2017-026',68,'Brock','Sabrina','45','Y','M',6651070,7337430,'20/20','20/50','+LP','CF 8','CF 18','20/80','CF 18','CF 14','Ocular Hypertension','Diabetic retinopathy','Diabetes mellitus','Coronary artery disease');
INSERT INTO EYEPATIENT VALUES ('CAT2017-025',69,'Daniels','Daniels','85','Y','F',5511434,9046468,'20/80','20/120','CF 2','20/160','CF 4','CF 14','CF 12','20/160','Muscular degeneration','Diabetic retinopathy','Alzheimers disease','Ischemic heart disease');
INSERT INTO EYEPATIENT VALUES ('CAT2017-024',70,'Gregory','Douglas','96','Y','M',1766540,9046468,'CF 1','CF 7','U','CF 13','CF 19','CF 17','20/16','CF 11','Muscular degeneration','Shingles','Stroke','Stroke');
INSERT INTO EYEPATIENT VALUES ('CAT2017-023',71,'Stella','Rosa','91','Y','F',5873227,5533943,'CF 5','U','20/63','CF 18','CF 6','CF 10','20/70','20/63','Glaucoma','Shingles','Ischemic heart disease','Diabetes mellitus');
INSERT INTO EYEPATIENT VALUES ('CAT2017-022',72,'Lena','Lamar','3','N','M',1766540,7337430,'CF 6','20/10','20/12.5','CF 2','CF 3','CF 6','CF 15','CF 1','Cataract','Chlamydia','Ischemic heart disease','Lower respiratory infection');
INSERT INTO EYEPATIENT VALUES ('CAT2017-021',73,'Eddie','Alvarado','22','Y','F',4524348,1249058,'20/25','CF 12','CF 18','20/25','CF 1','20/50','+LP','CF 7','Keratoconus','Ocular histoplasmosis syndrome','Chronic obstructive pulmonary disease','Coronary artery disease');
INSERT INTO EYEPATIENT VALUES ('CAT2017-020',74,'Mccormick','Rosa','31','N','M',7173475,9195659,'CF 19','20/32','U','CF 3','CF 8','20/63','CF 14','CF 6','Eyelid Twitching','Chlamydia','Coronary artery disease','Lower respiratory infection');
INSERT INTO EYEPATIENT VALUES ('CAT2017-019',75,'Mccormick','Jackie','44','Y','F',3907025,9046468,'20/120','CF 7','20/70','CF 7','20/10','20/200','CF 5','CF 13','Ocular Hypertension','Diabetic retinopathy','Eye cancer','Eye cancer');
INSERT INTO EYEPATIENT VALUES ('CAT2017-018',76,'Curtis','Baldwin','49','Y','F',1135008,9046468,'CF 10','CF 4','20/100','20/12.5','CF 3','CF 3','20/63','20/100','CMV Retinitis','Gonorrhea','Diabetes mellitus','Alzheimers disease');
INSERT INTO EYEPATIENT VALUES ('CAT2017-017',77,'Kelley','Eddie','43','Y','F',5302785,4443964,'CF 18','20/120','CF 20','20/32','CF 15','20/32','CF 4','CF 9','CMV Retinitis','Shingles','Stroke','Ischemic heart disease');
INSERT INTO EYEPATIENT VALUES ('CAT2017-016',78,'Martin','Danielle','56','Y','M',6681511,9195659,'20/12.5','20/100','20/63','+LP','CF 2','CF 18','20/200','20/50','Ocular Hypertension','Refractive error','Chronic obstructive pulmonary disease','Alzheimers disease');
INSERT INTO EYEPATIENT VALUES ('CAT2017-015',79,'Rice','Daniels','57','N','F',1135008,5533943,'20/80','CF 6','CF 16','CF 1','CF 12','CF 13','CF 18','CF 17','Diabetic Macular Edema','Ocular histoplasmosis syndrome','Lower respiratory infection','Coronary artery disease');
INSERT INTO EYEPATIENT VALUES ('CAT2017-014',80,'Lamar','Danielle','62','Y','M',5873227,6615119,'HM','CF 15','+LP','CF 9','CF 7','CF 6','CF 12','CF 14','Ocular Hypertension','Bacterial keratitis','Eye cancer','Lower respiratory infection');
INSERT INTO EYEPATIENT VALUES ('CAT2017-013',81,'Kelley','Colleen','95','N','M',9490075,6615119,'CF 13','CF 3','CF 5','CF 8','20/20','20/70','CF 14','CF 15','Color blindness','Ocular histoplasmosis syndrome','Coronary artery disease','Eye cancer');
INSERT INTO EYEPATIENT VALUES ('CAT2017-012',82,'Julius','Kelley','26','Y','F',3857584,7741604,'20/63','20/12.5','20/160','CF 16','20/16','CF 5','CF 1','20/10','Low Vision','Shingles','Chronic obstructive pulmonary disease','Eye cancer');
INSERT INTO EYEPATIENT VALUES ('CAT2017-011',83,'Mccormick','Leigh','46','Y','M',9709798,4972283,'CF 14','HM','20/25','CF 10','CF 8','CF 1','20/80','CF 20','Ocular Hypertension','Gonorrhea','Eye cancer','Diabetes mellitus');
INSERT INTO EYEPATIENT VALUES ('CAT2017-010',84,'Stella','Brandi','78','N','M',8064432,3696629,'20/120','CF 8','HM','20/63','20/80','20/40','20/63','CF 10','Eye Floaters and Eye Flashes','Diabetic retinopathy','Alzheimers disease','Alzheimers disease');
INSERT INTO EYEPATIENT VALUES ('CAT2017-009',85,'Joey','Derek','3','Y','M',9490075,6615119,'CF 2','CF 9','CF 9','+LP','20/100','20/70','20/40','20/40','Bulgin eyes','Diabetic retinopathy','Diabetes mellitus','Coronary artery disease');
INSERT INTO EYEPATIENT VALUES ('CAT2017-008',86,'Homer','Lyons','33','N','M',7173475,9195659,'20/16','CF 7','CF 13','CF 7','CF 10','CF 14','CF 11','CF 15','Crossed eyes','Ocular histoplasmosis syndrome','Diabetes mellitus','Ischemic heart disease');
INSERT INTO EYEPATIENT VALUES ('CAT2017-007',87,'Gross','Weber','80','Y','F',1251107,4420993,'20/16','CF 18','20/20','20/63','CF 1','CF 16','CF 19','20/25','Diabetic Macular Edema','Herpes simplex','Stroke','Alzheimers disease');
INSERT INTO EYEPATIENT VALUES ('CAT2017-006',88,'Hammond','Rosa','20','N','F',4056963,4420993,'U','HM','CF 6','CF 9','CF 9','HM','CF 16','20/63','Diabetic Macular Edema','Chlamydia','Lower respiratory infection','Coronary artery disease');
INSERT INTO EYEPATIENT VALUES ('CAT2017-005',89,'Guerrero','Kelley','23','N','F',6681511,7337430,'20/20','CF 3','CF 13','CF 15','20/20','CF 3','20/100','CF 20','Color blindness','Bacterial keratitis','Coronary artery disease','Eye cancer');
INSERT INTO EYEPATIENT VALUES ('CAT2017-004',90,'Curtis','Homer','52','Y','F',6429072,7337430,'CF 18','20/70','+LP','CF 9','CF 8','20/16','20/160','CF 12','Retinal Detachment','Diabetic retinopathy','Stroke','Coronary artery disease');
INSERT INTO EYEPATIENT VALUES ('CAT2017-003',91,'Guerrero','Nathaniel','49','N','F',6429072,7337430,'CF 9','CF 19','20/63','CF 15','20/80','CF 5','20/70','20/80','Eye Floaters and Eye Flashes','Ocular histoplasmosis syndrome','Stroke','Lower respiratory infection');
INSERT INTO EYEPATIENT VALUES ('CAT2017-002',92,'Kayla','Leah','41','N','F',8064432,4972283,'20/63','CF 9','CF 5','CF 14','20/80','CF 14','-LP','CF 17','Glaucoma','Bacterial keratitis','Coronary artery disease','Diabetes mellitus');
INSERT INTO EYEPATIENT VALUES ('CAT2017-001',93,'Camille','Underwood','56','Y','F',5605387,7741604,'CF 16','CF 3','20/25','20/20','20/40','20/100','HM','CF 14','Keratoconus','Gonorrhea','Lower respiratory infection','Diabetes mellitus');
INSERT INTO EYEPATIENT VALUES ('CAT2017-000',94,'Curtis','Hopkins','83','N','F',9490075,3696629,'CF 4','CF 14','20/63','20/100','+LP','20/12.5','20/80','20/20','Crossed eyes','Herpes simplex','Stroke','Diabetes mellitus');
INSERT INTO EYEPATIENT VALUES ('CAT2016-046',95,'Bell','Lyons','76','N','M',3384344,5533943,'CF 14','20/80','20/200','20/12.5','CF 3','CF 12','CF 1','CF 19','Uveitis','Ocular histoplasmosis syndrome','Coronary artery disease','Lower respiratory infection');
INSERT INTO EYEPATIENT VALUES ('CAT2016-045',96,'Guerrero','Weber','27','N','F',9566286,7095885,'U','CF 11','CF 19','-LP','+LP','20/100','CF 11','20/50','Lazy Eye','Herpes simplex','Stroke','Stroke');
INSERT INTO EYEPATIENT VALUES ('CAT2016-044',97,'Sabrina','Dwayne','55','N','F',5927963,7741604,'+LP','20/160','CF 19','20/25','20/63','CF 1','CF 7','20/40','Keratoconus','Herpes simplex','Lower respiratory infection','Alzheimers disease');
INSERT INTO EYEPATIENT VALUES ('CAT2016-043',98,'Homer','Wendy','9','N','M',5605387,4443964,'CF 17','CF 12','CF 4','CF 17','CF 18','20/40','CF 14','U','CMV Retinitis','Ocular histoplasmosis syndrome','Ischemic heart disease','Lower respiratory infection');
INSERT INTO EYEPATIENT VALUES ('CAT2016-042',99,'Brock','Rosa','0','Y','F',6887802,4420993,'20/12.5','CF 9','20/10','CF 15','+LP','20/25','-LP','20/120','Low Vision','Ocular histoplasmosis syndrome','Eye cancer','Coronary artery disease');
INSERT INTO EYEPATIENT VALUES ('CAT2016-041',100,'Guerrero','Danielle','94','Y','M',3857584,7095885,'CF 13','20/10','CF 6','CF 4','CF 19','CF 1','CF 1','CF 8','Crossed eyes','Gonorrhea','Eye cancer','Ischemic heart disease');
INSERT INTO EYEPATIENT VALUES ('CAT2016-040',101,'Gregory','Joey','26','N','F',3384344,9046468,'CF 19','CF 4','CF 5','20/25','20/10','20/80','20/70','CF 10','Low Vision','Chlamydia','Lower respiratory infection','Coronary artery disease');
INSERT INTO EYEPATIENT VALUES ('CAT2016-039',102,'Love','Rosa','14','Y','F',8981370,7741604,'20/12.5','CF 10','CF 15','U','CF 13','CF 4','20/16','20/10','Glaucoma','Bacterial keratitis','Coronary artery disease','Stroke');
INSERT INTO EYEPATIENT VALUES ('CAT2016-038',103,'Gross','Mccormick','64','N','M',6651070,4443964,'20/63','CF 5','U','CF 7','20/12.5','20/12.5','20/25','20/40','CMV Retinitis','Shingles','Alzheimers disease','Stroke');
INSERT INTO EYEPATIENT VALUES ('CAT2016-037',104,'Angelina','Brandi','61','Y','F',8064432,9046468,'20/20','CF 11','20/10','20/25','20/12.5','CF 6','HM','CF 10','Cataract','Herpes simplex','Eye cancer','Alzheimers disease');
INSERT INTO EYEPATIENT VALUES ('CAT2016-036',105,'Andrews','Wood','63','Y','F',3857584,3696629,'CF 5','U','20/200','20/63','U','CF 6','CF 2','CF 12','Eyelid Twitching','Chlamydia','Stroke','Diabetes mellitus');
INSERT INTO EYEPATIENT VALUES ('CAT2016-035',106,'Thompson','Thompson','1','Y','M',3857584,9195659,'CF 4','CF 15','CF 14','+LP','20/100','CF 10','20/10','HM','Bulgin eyes','Chlamydia','Stroke','Eye cancer');
INSERT INTO EYEPATIENT VALUES ('CAT2016-034',107,'Candace','Weber','76','N','M',5873227,4420993,'CF 6','CF 2','CF 1','20/10','20/160','CF 14','CF 7','20/200','Crossed eyes','Chlamydia','Stroke','Lower respiratory infection');
INSERT INTO EYEPATIENT VALUES ('CAT2016-033',108,'Gross','Mitchell','25','N','M',6612465,9195659,'U','CF 8','CF 3','CF 19','CF 12','20/25','20/20','HM','Cataract','Refractive error','Eye cancer','Alzheimers disease');
INSERT INTO EYEPATIENT VALUES ('CAT2016-032',109,'Estelle','Stella','1','N','M',1251107,4972283,'CF 11','20/100','20/200','U','20/120','20/200','20/63','CF 8','CMV Retinitis','Corneal opacification','Stroke','Diabetes mellitus');
INSERT INTO EYEPATIENT VALUES ('CAT2016-031',110,'Camille','Mitchell','18','N','F',6612465,4443964,'CF 6','CF 8','CF 5','CF 7','20/10','20/16','CF 10','-LP','Diabetic Macular Edema','Chlamydia','Ischemic heart disease','Ischemic heart disease');
INSERT INTO EYEPATIENT VALUES ('CAT2016-030',111,'Mccormick','Camille','52','N','M',5302785,9046468,'CF 16','U','20/20','CF 19','HM','20/10','CF 12','20/70','Muscular degeneration','Herpes simplex','Alzheimers disease','Chronic obstructive pulmonary disease');
INSERT INTO EYEPATIENT VALUES ('CAT2016-029',112,'Hammond','Stella','16','Y','M',1766540,4443964,'CF 20','20/32','20/160','20/32','CF 3','CF 8','CF 12','20/50','Diabetic Macular Edema','Bacterial keratitis','Chronic obstructive pulmonary disease','Chronic obstructive pulmonary disease');
INSERT INTO EYEPATIENT VALUES ('CAT2016-028',113,'Estelle','Mccormick','9','N','M',4056963,7337430,'20/12.5','CF 15','CF 1','20/80','-LP','20/80','20/80','20/50','Bulgin eyes','Herpes simplex','Eye cancer','Chronic obstructive pulmonary disease');
INSERT INTO EYEPATIENT VALUES ('CAT2016-027',114,'Trevor','Love','72','Y','M',7173475,9195659,'CF 8','20/200','CF 7','CF 20','20/10','CF 14','20/10','HM','Ocular Hypertension','Refractive error','Stroke','Coronary artery disease');
INSERT INTO EYEPATIENT VALUES ('CAT2016-026',115,'Gross','Dwayne','19','N','F',6681511,9046468,'20/80','CF 2','20/20','CF 18','CF 5','20/63','20/80','20/200','Color blindness','Gonorrhea','Stroke','Stroke');
INSERT INTO EYEPATIENT VALUES ('CAT2016-025',116,'Susie','Martin','1','Y','F',6429072,7095885,'U','CF 20','U','CF 10','20/10','20/100','CF 13','20/120','Retinal Detachment','Refractive error','Diabetes mellitus','Coronary artery disease');
INSERT INTO EYEPATIENT VALUES ('CAT2016-024',117,'Thompson','Murphy','74','Y','F',6429072,6615119,'20/100','20/120','20/16','CF 2','CF 5','20/32','20/70','-LP','Bulgin eyes','Diabetic retinopathy','Alzheimers disease','Coronary artery disease');
INSERT INTO EYEPATIENT VALUES ('CAT2016-023',118,'Colleen','Eddie','50','N','F',1766540,1249058,'20/100','CF 14','20/120','20/160','20/12.5','20/160','20/63','CF 8','Muscular degeneration','Ocular histoplasmosis syndrome','Eye cancer','Eye cancer');
INSERT INTO EYEPATIENT VALUES ('CAT2016-022',119,'Mitchell','Rosa','57','Y','F',5605387,1249058,'CF 13','CF 9','20/20','CF 14','20/40','CF 1','U','CF 18','Crossed eyes','Bacterial keratitis','Lower respiratory infection','Coronary artery disease');
INSERT INTO EYEPATIENT VALUES ('CAT2016-021',120,'Estelle','Julius','94','Y','M',3907025,3696629,'HM','20/80','20/200','20/20','20/20','20/40','20/50','CF 10','Muscular degeneration','Corneal opacification','Eye cancer','Eye cancer');
INSERT INTO EYEPATIENT VALUES ('CAT2016-020',121,'Underwood','Estelle','71','Y','F',3907025,9195659,'CF 18','CF 16','20/160','HM','CF 16','U','CF 6','CF 10','Uveitis','Herpes simplex','Coronary artery disease','Coronary artery disease');
INSERT INTO EYEPATIENT VALUES ('CAT2016-019',122,'Camille','Andrews','17','Y','M',9566286,1249058,'20/10','CF 6','20/80','CF 20','CF 11','20/200','HM','CF 9','Crossed eyes','Gonorrhea','Alzheimers disease','Diabetes mellitus');
INSERT INTO EYEPATIENT VALUES ('CAT2016-018',123,'Mccormick','Andrews','33','N','M',1191176,7095885,'CF 8','CF 7','CF 8','U','20/160','20/20','20/12.5','CF 15','Lazy Eye','Ocular histoplasmosis syndrome','Chronic obstructive pulmonary disease','Lower respiratory infection');
INSERT INTO EYEPATIENT VALUES ('CAT2016-017',124,'Gross','Douglas','44','Y','M',8102196,4443964,'20/100','+LP','CF 1','CF 19','20/200','CF 18','20/80','CF 13','Crossed eyes','Diabetic retinopathy','Stroke','Coronary artery disease');
INSERT INTO EYEPATIENT VALUES ('CAT2016-016',125,'Wendy','Bell','49','Y','M',5511434,1249058,'+LP','CF 12','20/120','CF 1','CF 15','20/63','20/16','CF 5','Eye Floaters and Eye Flashes','Diabetic retinopathy','Lower respiratory infection','Lower respiratory infection');
INSERT INTO EYEPATIENT VALUES ('CAT2016-015',126,'Estelle','Stella','24','N','M',6612465,7337430,'20/25','CF 15','CF 14','CF 14','CF 13','20/80','+LP','CF 16','Bulgin eyes','Refractive error','Ischemic heart disease','Eye cancer');
INSERT INTO EYEPATIENT VALUES ('CAT2016-014',127,'Thompson','Douglas','58','N','M',5873227,4420993,'20/32','20/50','20/50','CF 11','CF 19','CF 20','CF 20','CF 6','Uveitis','Bacterial keratitis','Eye cancer','Lower respiratory infection');
INSERT INTO EYEPATIENT VALUES ('CAT2016-013',128,'Gross','Martin','60','N','F',6429072,5533943,'CF 8','CF 11','CF 18','CF 2','20/50','-LP','20/160','U','Keratoconus','Gonorrhea','Lower respiratory infection','Eye cancer');
INSERT INTO EYEPATIENT VALUES ('CAT2016-012',129,'Joey','Gilbert','5','Y','F',9566286,7741604,'CF 7','20/40','20/100','CF 5','CF 13','20/40','CF 20','20/40','CMV Retinitis','Refractive error','Lower respiratory infection','Diabetes mellitus');
INSERT INTO EYEPATIENT VALUES ('CAT2016-011',130,'Gross','Colleen','66','N','F',4056963,1249058,'CF 3','CF 11','CF 19','CF 1','20/16','CF 16','20/40','20/12.5','Bulgin eyes','Herpes simplex','Ischemic heart disease','Alzheimers disease');
INSERT INTO EYEPATIENT VALUES ('CAT2016-010',131,'Lamar','Hopkins','92','Y','F',6681511,4443964,'U','CF 17','20/12.5','CF 11','20/16','20/25','CF 7','20/32','Eye Floaters and Eye Flashes','Ocular histoplasmosis syndrome','Alzheimers disease','Coronary artery disease');
INSERT INTO EYEPATIENT VALUES ('CAT2016-009',132,'Kayla','Trevor','5','N','M',8981370,9195659,'CF 18','20/100','20/63','CF 7','20/25','20/25','CF 17','CF 7','Ocular Hypertension','Ocular histoplasmosis syndrome','Stroke','Alzheimers disease');
INSERT INTO EYEPATIENT VALUES ('CAT2016-008',133,'Nathaniel','Christie','56','Y','F',6681511,4420993,'20/10','CF 16','20/100','CF 17','+LP','20/12.5','CF 13','CF 1','Keratoconus','Diabetic retinopathy','Ischemic heart disease','Coronary artery disease');
INSERT INTO EYEPATIENT VALUES ('CAT2016-007',134,'Joey','Alvarado','18','Y','F',8064432,9195659,'20/160','CF 12','CF 17','20/160','CF 3','CF 2','U','CF 12','Glaucoma','Bacterial keratitis','Lower respiratory infection','Alzheimers disease');
INSERT INTO EYEPATIENT VALUES ('CAT2016-006',135,'Brandi','Lamar','75','Y','F',4056963,7741604,'20/120','20/40','20/160','20/25','CF 1','20/25','+LP','20/16','Cataract','Chlamydia','Eye cancer','Lower respiratory infection');
INSERT INTO EYEPATIENT VALUES ('CAT2016-005',136,'Gross','Eddie','86','Y','F',8102196,4972283,'CF 19','20/120','CF 2','CF 10','20/40','20/25','CF 12','CF 4','Retinal Detachment','Chlamydia','Ischemic heart disease','Stroke');
INSERT INTO EYEPATIENT VALUES ('CAT2016-004',137,'Thompson','Danielle','82','Y','F',6681511,9046468,'20/50','CF 3','20/20','CF 10','20/32','20/80','20/200','CF 4','Uveitis','Diabetic retinopathy','Coronary artery disease','Stroke');
INSERT INTO EYEPATIENT VALUES ('CAT2016-003',138,'Martin','Homer','45','Y','F',7173475,7095885,'-LP','-LP','CF 16','CF 5','20/50','20/63','20/12.5','20/25','Eyelid Twitching','Diabetic retinopathy','Stroke','Chronic obstructive pulmonary disease');
INSERT INTO EYEPATIENT VALUES ('CAT2016-002',139,'Hamilton','Christie','87','Y','M',3907025,9046468,'CF 12','20/100','20/32','20/120','CF 2','20/32','20/20','CF 14','Lazy Eye','Bacterial keratitis','Stroke','Chronic obstructive pulmonary disease');
INSERT INTO EYEPATIENT VALUES ('CAT2016-001',140,'Love','Rice','67','Y','F',6887802,7337430,'HM','20/10','CF 9','20/25','CF 17','20/10','CF 15','20/40','Cataract','Diabetic retinopathy','Eye cancer','Eye cancer');
INSERT INTO EYEPATIENT VALUES ('CAT2016-000',141,'Martin','Camille','98','N','M',7173475,7337430,'CF 3','CF 20','20/200','20/160','CF 1','CF 15','CF 12','CF 2','Cataract','Bacterial keratitis','Ischemic heart disease','Chronic obstructive pulmonary disease');


