INSERT INTO PATIENT VALUES (null,'Walter','Andrews','R');
INSERT INTO PATIENT VALUES (null,'Gilbert','Nathaniel','P');
INSERT INTO PATIENT VALUES (null,'Curtis','Olga','A');
INSERT INTO PATIENT VALUES (null,'Hogan','Irene','D');
INSERT INTO PATIENT VALUES (null,'Martin','Gregory','X');
INSERT INTO PATIENT VALUES (null,'Trevor','Javier','B');
INSERT INTO PATIENT VALUES (null,'Todd','Brock','T');
INSERT INTO PATIENT VALUES (null,'Bell','Kayla','B');
INSERT INTO PATIENT VALUES (null,'Javier','Arnold','U');
INSERT INTO PATIENT VALUES (null,'Mitchell','Baldwin','S');
INSERT INTO PATIENT VALUES (null,'Christie','Stella','F');
INSERT INTO PATIENT VALUES (null,'Eddie','Bush','Y');
INSERT INTO PATIENT VALUES (null,'Gross','Javier','H');
INSERT INTO PATIENT VALUES (null,'Hopkins','Todd','W');
INSERT INTO PATIENT VALUES (null,'Quinn','Jeffery','Z');
INSERT INTO PATIENT VALUES (null,'Homer','Cummings','U');
INSERT INTO PATIENT VALUES (null,'Lyons','Riley','A');
INSERT INTO PATIENT VALUES (null,'Sandoval','Derek','N');
INSERT INTO PATIENT VALUES (null,'Leigh','Kelley','D');
INSERT INTO PATIENT VALUES (null,'Homer','Hammond','W');
INSERT INTO PATIENT VALUES (null,'Ricky','Debbie','Y');
INSERT INTO PATIENT VALUES (null,'Estelle','Gilbert','G');
INSERT INTO PATIENT VALUES (null,'Wood','Arnold','H');
INSERT INTO PATIENT VALUES (null,'Lamar','Leah','J');
INSERT INTO PATIENT VALUES (null,'Stella','Leigh','I');
INSERT INTO PATIENT VALUES (null,'Kelley','Rice','N');
INSERT INTO PATIENT VALUES (null,'Martin','Daniels','I');
INSERT INTO PATIENT VALUES (null,'Estelle','Garcia','V');
INSERT INTO PATIENT VALUES (null,'Hamilton','Bush','C');
INSERT INTO PATIENT VALUES (null,'Lena','Ricky','F');
INSERT INTO PATIENT VALUES (null,'Camille','Medina','B');
INSERT INTO PATIENT VALUES (null,'Nathaniel','Mclaughlin','D');
INSERT INTO PATIENT VALUES (null,'Ortiz','Daniels','O');
INSERT INTO PATIENT VALUES (null,'Weber','Sabrina','H');
INSERT INTO PATIENT VALUES (null,'Mccormick','Dwayne','K');
INSERT INTO PATIENT VALUES (null,'Lyons','Thompson','O');
INSERT INTO PATIENT VALUES (null,'Hamilton','Zachary','N');
INSERT INTO PATIENT VALUES (null,'Francis','Hopkins','H');
INSERT INTO PATIENT VALUES (null,'Guerrero','Jason','S');
INSERT INTO PATIENT VALUES (null,'Estelle','Brandy','P');
INSERT INTO PATIENT VALUES (null,'Lyons','Derek','W');
INSERT INTO PATIENT VALUES (null,'Leigh','Larson','U');
INSERT INTO PATIENT VALUES (null,'Garcia','Guerrero','H');
INSERT INTO PATIENT VALUES (null,'Trevor','Gregory','Y');
INSERT INTO PATIENT VALUES (null,'Thompson','Garcia','C');
INSERT INTO PATIENT VALUES (null,'Lyons','Zachary','V');
INSERT INTO PATIENT VALUES (null,'Latoya','Love','U');
INSERT INTO PATIENT VALUES (null,'Leigh','Colleen','S');
INSERT INTO PATIENT VALUES (null,'Debbie','Rosemary','A');
INSERT INTO PATIENT VALUES (null,'Baldwin','Brent','F');
INSERT INTO PATIENT VALUES (null,'Larson','Cummings','L');
INSERT INTO PATIENT VALUES (null,'Douglas','Debbie','B');
INSERT INTO PATIENT VALUES (null,'Joey','Lyons','I');
INSERT INTO PATIENT VALUES (null,'Francis','Zachary','A');
INSERT INTO PATIENT VALUES (null,'Danny','Julian','Y');
INSERT INTO PATIENT VALUES (null,'Joey','Faith','L');
INSERT INTO PATIENT VALUES (null,'Medina','Dwayne','M');
INSERT INTO PATIENT VALUES (null,'Rice','Bailey','R');
INSERT INTO PATIENT VALUES (null,'Brandy','Debbie','O');
INSERT INTO PATIENT VALUES (null,'Martin','Brock','N');
INSERT INTO PATIENT VALUES (null,'Javier','Julius','I');
INSERT INTO PATIENT VALUES (null,'Bush','Juan','R');
INSERT INTO PATIENT VALUES (null,'Rice','Brandi','D');
INSERT INTO PATIENT VALUES (null,'Riley','Garcia','T');
INSERT INTO PATIENT VALUES (null,'Ricky','Brandi','L');
INSERT INTO PATIENT VALUES (null,'Mclaughlin','Bell','S');
INSERT INTO PATIENT VALUES (null,'Bush','Garcia','K');
INSERT INTO PATIENT VALUES (null,'Stella','Rosa','V');
INSERT INTO PATIENT VALUES (null,'Murphy','Floyd','M');
INSERT INTO PATIENT VALUES (null,'Bell','Chad','N');
INSERT INTO PATIENT VALUES (null,'Todd','Murphy','T');
INSERT INTO PATIENT VALUES (null,'Quinn','Kelley','D');
INSERT INTO PATIENT VALUES (null,'Quinn','Hogan','R');
INSERT INTO PATIENT VALUES (null,'Simpson','Jackie','V');
INSERT INTO PATIENT VALUES (null,'Lamar','Nathaniel','A');
INSERT INTO PATIENT VALUES (null,'Rosemary','Arnold','U');
INSERT INTO PATIENT VALUES (null,'Hogan','Susie','F');
INSERT INTO PATIENT VALUES (null,'Rice','Rosemary','X');
INSERT INTO PATIENT VALUES (null,'Curtis','Francis','M');
INSERT INTO PATIENT VALUES (null,'Underwood','Garcia','V');
INSERT INTO PATIENT VALUES (null,'Lena','Bryan','K');
INSERT INTO PATIENT VALUES (null,'Kayla','Murphy','J');
INSERT INTO PATIENT VALUES (null,'Susie','Brandi','P');
INSERT INTO PATIENT VALUES (null,'Bush','Brandy','O');
INSERT INTO PATIENT VALUES (null,'Latoya','Hogan','D');
INSERT INTO PATIENT VALUES (null,'Stevenson','Cummings','L');
INSERT INTO PATIENT VALUES (null,'Hicks','Sandoval','M');
INSERT INTO PATIENT VALUES (null,'Rice','Stella','D');
INSERT INTO PATIENT VALUES (null,'Riley','Wendy','W');
INSERT INTO PATIENT VALUES (null,'Latoya','Danny','R');
INSERT INTO PATIENT VALUES (null,'Cummings','Beatrice','D');
INSERT INTO PATIENT VALUES (null,'Cunningham','Hogan','D');
INSERT INTO PATIENT VALUES (null,'Mitchell','Danny','X');
INSERT INTO PATIENT VALUES (null,'Todd','Simpson','T');
INSERT INTO PATIENT VALUES (null,'Daniels','Susie','S');
INSERT INTO PATIENT VALUES (null,'Stella','Jason','U');
INSERT INTO PATIENT VALUES (null,'Trevor','Love','E');
INSERT INTO PATIENT VALUES (null,'Floyd','Shelton','N');
INSERT INTO PATIENT VALUES (null,'Brandy','Underwood','M');
INSERT INTO PATIENT VALUES (null,'Wendy','Beatrice','M');
INSERT INTO PATIENT VALUES (null,'Jackie','Colleen','U');
INSERT INTO PATIENT VALUES (null,'Love','Beatrice','F');
INSERT INTO PATIENT VALUES (null,'Lyons','Bennie','Y');
INSERT INTO PATIENT VALUES (null,'Colleen','Baldwin','Q');
INSERT INTO PATIENT VALUES (null,'Dwight','Francis','K');
INSERT INTO PATIENT VALUES (null,'Trevor','Alvarado','F');
INSERT INTO PATIENT VALUES (null,'Walter','Weber','X');
INSERT INTO PATIENT VALUES (null,'Weber','Bennie','L');
INSERT INTO PATIENT VALUES (null,'Brent','Bailey','C');
INSERT INTO PATIENT VALUES (null,'Brent','Riley','S');
INSERT INTO PATIENT VALUES (null,'Floyd','Stella','M');
INSERT INTO PATIENT VALUES (null,'Bailey','Hammond','L');
INSERT INTO PATIENT VALUES (null,'Hamilton','Bennie','P');
INSERT INTO PATIENT VALUES (null,'Kayla','Dwight','V');
INSERT INTO PATIENT VALUES (null,'Susie','Christie','H');
INSERT INTO PATIENT VALUES (null,'Lena','Candace','U');
INSERT INTO PATIENT VALUES (null,'Todd','Guerrero','Z');
INSERT INTO PATIENT VALUES (null,'Guzman','Quinn','X');
INSERT INTO PATIENT VALUES (null,'Jason','Leah','J');
INSERT INTO PATIENT VALUES (null,'Jeffery','Alison','M');
INSERT INTO PATIENT VALUES (null,'Faith','Floyd','P');
INSERT INTO PATIENT VALUES (null,'Bailey','Sabrina','Y');
INSERT INTO PATIENT VALUES (null,'Shelton','Ricky','R');
INSERT INTO PATIENT VALUES (null,'Dwight','Brock','G');
INSERT INTO PATIENT VALUES (null,'Bennie','Julius','Q');





INSERT INTO DOCTOR VALUES ('5049625','Lyons','Alvarado','7214 Marsh St. Kernersville, NC 27284','Pediatrician');
INSERT INTO DOCTOR VALUES ('1675990','Trevor','Daniels','90 Beacon St. Buford, GA 30518','Pediatrician');
INSERT INTO DOCTOR VALUES ('1221006','Estelle','Andrews','7696 Arnold Dr. Richardson, TX 75080','Anesthesiologist');
INSERT INTO DOCTOR VALUES ('2985745','Jason','Irene','9157 Maiden Lane Ellicott City, MD 21042','Internist');
INSERT INTO DOCTOR VALUES ('1875190','Mitchell','Dwight','637 Meadow Ave. Highland, IN 46322','Surgeon');
INSERT INTO DOCTOR VALUES ('6195597','Guerrero','Lena','4 North Olive Dr. Charleston, SC 29406','Ophtalmologist');
INSERT INTO DOCTOR VALUES ('8801706','Brandi','Estelle','7404 Indian Summer Ave. Chelsea, MA 02150','Pediatrician');
INSERT INTO DOCTOR VALUES ('9879858','Gilbert','Sandoval','7568 N. Hanover St. Howell, NJ 07731','Ophtalmologist');
INSERT INTO DOCTOR VALUES ('6641984','Alison','Rice','7645 Annadale Ave. Londonderry, NH 03053','Ophtalmologist');
INSERT INTO DOCTOR VALUES ('5248961','Cunningham','Kelley','91 East Longfellow St. Saint Cloud, MN 56301','Pediatrician');
INSERT INTO DOCTOR VALUES ('2551489','Debbie','Homer','296 Glen Eagles Court Wake Forest, NC 27587','Internist');
INSERT INTO DOCTOR VALUES ('1836558','Quinn','Stevenson','468 Heather St. Suite 5 Desoto, TX 75115','Internist');
INSERT INTO DOCTOR VALUES ('1171695','Walter','Nathaniel','7568 N. Hanover St. Howell, NJ 07731','Surgeon');
INSERT INTO DOCTOR VALUES ('1152035','Brock','Julian','7645 Annadale Ave. Londonderry, NH 03053','Ophtalmologist');
INSERT INTO DOCTOR VALUES ('5698376','Homer','Danny','637 Meadow Ave. Highland, IN 46322','Internist');
INSERT INTO DOCTOR VALUES ('1652789','Faith','Nathaniel','47 Middle River Rd. Ravenna, OH 44266','Ophtalmologist');
INSERT INTO DOCTOR VALUES ('7527564','Candace','Dwayne','800 Prospect Lane East Hartford, CT 06118','Surgeon');
INSERT INTO DOCTOR VALUES ('5426592','Daniels','Medina','4 North Olive Dr. Charleston, SC 29406','Ophtalmologist');
INSERT INTO DOCTOR VALUES ('1622973','Cummings','Douglas','202 Mayfield St. Clemmons, NC 27012','Internist');
INSERT INTO DOCTOR VALUES ('2906183','Derek','Shelton','80 Rockland St. Orland Park, IL 60462','Internist');
INSERT INTO DOCTOR VALUES ('9569042','Mitchell','Ortiz','7645 Annadale Ave. Londonderry, NH 03053','Pediatrician');
INSERT INTO DOCTOR VALUES ('5761623','Javier','Brandy','83 Tunnel St. Coatesville, PA 19320','Anesthesiologist');
INSERT INTO DOCTOR VALUES ('9811999','Mclaughlin','Homer','7645 Annadale Ave. Londonderry, NH 03053','Ophtalmologist');
INSERT INTO DOCTOR VALUES ('6771840','Leah','Javier','194 Marlborough Drive Georgetown, SC 29440','Ophtalmologist');
INSERT INTO DOCTOR VALUES ('3746541','Gross','Weber','8906 North Drive Astoria, NY 11102','Pediatrician');
INSERT INTO DOCTOR VALUES ('6968688','Larson','Arnold','80 Rockland St. Orland Park, IL 60462','Ophtalmologist');
INSERT INTO DOCTOR VALUES ('1463606','Bennie','Gross','873 East Pheasant Dr. Manahawkin, NJ 08050','Pediatrician');
INSERT INTO DOCTOR VALUES ('5388314','Daniels','Beatrice','7677 Smoky Hollow Avenue Annapolis, MD 21401','Internist');
INSERT INTO DOCTOR VALUES ('7612308','Derek','Chad','202 Mayfield St. Clemmons, NC 27012','Surgeon');
INSERT INTO DOCTOR VALUES ('1332689','Gregory','Bryan','240 Lincoln Street Rochester, NY 14606','Surgeon');







INSERT INTO EYEPATIENT VALUES ('CAT2018-041',125,'Andrews','Walter','4','Y','M','9811999','1171695','CF 3','20/32','CF 2','20/10','CF 13','20/50','CF 20','20/25','Color blindness','Herpes simplex','Chronic obstructive pulmonary disease','Corneal surgery','Retina','Pupil');
INSERT INTO EYEPATIENT VALUES ('CAT2018-040',124,'Nathaniel','Gilbert','8','Y','M','9879858','5698376','20/50','CF 7','20/10','CF 16','CF 9','20/50','HM','CF 5','Lazy Eye','Bacterial keratitis','Lower respiratory infection','Laser eye surgery','Vitreous','Lens');
INSERT INTO EYEPATIENT VALUES ('CAT2018-039',123,'Olga','Curtis','32','N','F','5049625','1152035','HM','20/120','20/10','20/40','CF 6','CF 10','20/80','CF 1','Color blindness','Shingles','Stroke','Oculoplastic surgery','Sclera','Pupil');
INSERT INTO EYEPATIENT VALUES ('CAT2018-038',122,'Irene','Hogan','7','Y','F','9879858','3746541','CF 19','CF 16','CF 7','+LP','U','CF 9','CF 11','20/25','CMV Retinitis','Corneal opacification','Eye cancer','Oculoplastic surgery','Iris','Macula');
INSERT INTO EYEPATIENT VALUES ('CAT2018-037',121,'Gregory','Martin','47','N','F','9569042','5698376','20/63','CF 13','20/100','20/120','CF 11','20/25','CF 18','CF 6','Muscular degeneration','Bacterial keratitis','Lower respiratory infection','Corneal surgery','Fovea','Fovea');
INSERT INTO EYEPATIENT VALUES ('CAT2018-036',120,'Javier','Trevor','67','N','M','1875190','5388314','CF 4','CF 8','CF 12','CF 7','20/10','20/16','20/120','CF 12','Ocular Hypertension','Gonorrhea','Alzheimers disease','Laser eye surgery','Vitreous','Macula');
INSERT INTO EYEPATIENT VALUES ('CAT2018-035',119,'Brock','Todd','73','N','M','1221006','1152035','CF 8','20/16','CF 18','20/160','20/100','CF 20','CF 4','20/120','Color blindness','Ocular histoplasmosis syndrome','Diabetes mellitus','Oculoplastic surgery','Lens','Iris');
INSERT INTO EYEPATIENT VALUES ('CAT2018-034',118,'Kayla','Bell','89','N','F','5248961','3746541','20/100','20/100','20/20','CF 14','20/40','CF 12','20/16','CF 7','Uveitis','Corneal opacification','Eye cancer','Corneal surgery','Cornea','Lens');
INSERT INTO EYEPATIENT VALUES ('CAT2018-033',117,'Arnold','Javier','94','N','M','6195597','5248961','CF 7','20/100','CF 15','CF 4','CF 20','CF 4','CF 1','CF 1','Color blindness','Diabetic retinopathy','Ischemic heart disease','Oculoplastic surgery','Retina','Cornea');
INSERT INTO EYEPATIENT VALUES ('CAT2018-032',116,'Baldwin','Mitchell','98','N','M','6771840','8801706','20/100','20/100','CF 6','20/25','20/120','20/20','CF 11','20/80','Keratoconus','Diabetic retinopathy','Stroke','Vitreo-retinal surgery','Cornea','Cornea');
INSERT INTO EYEPATIENT VALUES ('CAT2018-031',115,'Stella','Christie','12','Y','M','1171695','5049625','20/100','20/25','20/80','CF 16','CF 5','20/120','CF 10','CF 15','Diabetic Macular Edema','Chlamydia','Coronary artery disease','Laser eye surgery','Pupil','Pupil');
INSERT INTO EYEPATIENT VALUES ('CAT2018-030',114,'Bush','Eddie','21','N','F','7527564','5388314','CF 15','CF 10','CF 8','CF 10','20/63','CF 6','CF 9','20/100','Retinal Detachment','Bacterial keratitis','Lower respiratory infection','Corneal surgery','Cornea','Fovea');
INSERT INTO EYEPATIENT VALUES ('CAT2018-029',113,'Javier','Gross','36','N','M','1622973','5049625','CF 1','CF 10','CF 14','CF 7','20/80','20/12.5','CF 10','CF 13','Uveitis','Shingles','Lower respiratory infection','Corneal surgery','Sclera','Lens');
INSERT INTO EYEPATIENT VALUES ('CAT2018-028',112,'Todd','Hopkins','93','Y','M','1675990','1152035','CF 20','20/70','20/200','CF 10','CF 6','CF 13','20/120','CF 3','CMV Retinitis','Gonorrhea','Ischemic heart disease','Refractive surgery','Retina','Retina');
INSERT INTO EYEPATIENT VALUES ('CAT2018-027',111,'Jeffery','Quinn','76','N','M','1622973','6641984','CF 3','20/40','CF 1','CF 2','20/12.5','20/20','CF 9','-LP','CMV Retinitis','Herpes simplex','Coronary artery disease','Eye muscle surgery','Vitreous','Vitreous');
INSERT INTO EYEPATIENT VALUES ('CAT2018-026',110,'Cummings','Homer','71','N','M','1875190','1152035','20/100','CF 20','20/50','20/16','CF 20','20/50','CF 10','20/50','Ocular Hypertension','Chlamydia','Coronary artery disease','Eye muscle surgery','Vitreous','Iris');
INSERT INTO EYEPATIENT VALUES ('CAT2018-025',109,'Riley','Lyons','67','Y','F','1875190','1332689','20/20','CF 12','CF 10','20/200','HM','+LP','CF 4','CF 6','Color blindness','Refractive error','Chronic obstructive pulmonary disease','Eye muscle surgery','Iris','Sclera');
INSERT INTO EYEPATIENT VALUES ('CAT2018-024',108,'Derek','Sandoval','74','N','F','8801706','6195597','U','CF 3','20/16','CF 16','CF 2','20/32','20/160','+LP','Lazy Eye','Ocular histoplasmosis syndrome','Diabetes mellitus','Vitreo-retinal surgery','Iris','Retina');
INSERT INTO EYEPATIENT VALUES ('CAT2018-023',107,'Kelley','Leigh','93','N','M','1652789','8801706','20/50','CF 17','20/100','20/63','20/160','-LP','CF 11','20/100','Glaucoma','Chlamydia','Eye cancer','Vitreo-retinal surgery','Pupil','Macula');
INSERT INTO EYEPATIENT VALUES ('CAT2018-022',106,'Hammond','Homer','99','N','F','5049625','2551489','+LP','CF 20','20/63','20/100','20/50','CF 9','CF 2','U','Muscular degeneration','Refractive error','Chronic obstructive pulmonary disease','Oculoplastic surgery','Cornea','Macula');
INSERT INTO EYEPATIENT VALUES ('CAT2018-021',105,'Debbie','Ricky','19','Y','M','7612308','1675990','U','CF 16','20/32','CF 15','20/12.5','20/200','CF 5','CF 11','Muscular degeneration','Diabetic retinopathy','Lower respiratory infection','Vitreo-retinal surgery','Sclera','Pupil');
INSERT INTO EYEPATIENT VALUES ('CAT2018-020',104,'Gilbert','Estelle','96','N','M','6641984','1463606','20/70','-LP','-LP','CF 19','CF 13','CF 11','20/16','20/160','Cataract','Diabetic retinopathy','Chronic obstructive pulmonary disease','Laser eye surgery','Cornea','Pupil');
INSERT INTO EYEPATIENT VALUES ('CAT2018-019',103,'Arnold','Wood','43','N','F','1652789','7527564','HM','CF 8','20/20','20/32','20/160','CF 8','CF 7','20/160','Eyelid Twitching','Diabetic retinopathy','Ischemic heart disease','Glaucoma surgery','Iris','Iris');
INSERT INTO EYEPATIENT VALUES ('CAT2018-018',102,'Leah','Lamar','22','N','F','1652789','5761623','CF 1','CF 16','20/16','-LP','CF 11','CF 13','20/160','+LP','Ocular Hypertension','Corneal opacification','Ischemic heart disease','Refractive surgery','Sclera','Macula');
INSERT INTO EYEPATIENT VALUES ('CAT2018-017',101,'Leigh','Stella','72','N','M','5049625','5761623','CF 4','CF 15','CF 17','20/70','CF 1','20/12.5','20/10','-LP','Color blindness','Diabetic retinopathy','Eye cancer','Refractive surgery','Fovea','Macula');
INSERT INTO EYEPATIENT VALUES ('CAT2018-016',100,'Rice','Kelley','72','N','M','6641984','6968688','CF 20','-LP','CF 12','CF 19','20/10','CF 17','CF 19','20/12.5','Low Vision','Herpes simplex','Ischemic heart disease','Eye muscle surgery','Fovea','Fovea');
INSERT INTO EYEPATIENT VALUES ('CAT2018-015',99,'Daniels','Martin','93','N','F','1836558','3746541','CF 19','CF 2','CF 2','20/63','20/200','CF 5','20/160','CF 15','Crossed eyes','Corneal opacification','Stroke','Laser eye surgery','Vitreous','Fovea');
INSERT INTO EYEPATIENT VALUES ('CAT2018-014',98,'Garcia','Estelle','34','N','F','1221006','6771840','20/100','CF 18','CF 8','U','+LP','20/40','CF 13','CF 11','Low Vision','Herpes simplex','Chronic obstructive pulmonary disease','Refractive surgery','Macula','Iris');
INSERT INTO EYEPATIENT VALUES ('CAT2018-013',97,'Bush','Hamilton','84','N','F','2551489','5761623','20/63','20/80','HM','CF 14','20/160','20/160','CF 10','20/70','Crossed eyes','Refractive error','Eye cancer','Cataract surgery','Iris','Vitreous');
INSERT INTO EYEPATIENT VALUES ('CAT2018-012',96,'Ricky','Lena','6','N','M','6195597','6771840','20/10','20/32','20/16','20/200','CF 9','CF 9','20/100','HM','Crossed eyes','Herpes simplex','Coronary artery disease','Eye muscle surgery','Cornea','Fovea');
INSERT INTO EYEPATIENT VALUES ('CAT2018-011',95,'Medina','Camille','35','Y','F','5248961','2985745','20/100','CF 2','CF 3','CF 16','CF 1','20/70','+LP','CF 2','Low Vision','Chlamydia','Diabetes mellitus','Oculoplastic surgery','Retina','Macula');
INSERT INTO EYEPATIENT VALUES ('CAT2018-010',94,'Mclaughlin','Nathaniel','50','Y','F','1332689','5698376','20/80','20/100','20/100','CF 7','CF 8','U','+LP','CF 5','Lazy Eye','Refractive error','Lower respiratory infection','Corneal surgery','Retina','Iris');
INSERT INTO EYEPATIENT VALUES ('CAT2018-009',93,'Daniels','Ortiz','86','Y','M','1171695','6968688','CF 8','20/32','CF 16','U','CF 12','CF 20','20/160','CF 5','Lazy Eye','Gonorrhea','Diabetes mellitus','Oculoplastic surgery','Iris','Macula');
INSERT INTO EYEPATIENT VALUES ('CAT2018-008',92,'Sabrina','Weber','12','N','M','5761623','9811999','CF 17','20/16','CF 16','20/200','U','CF 6','CF 11','CF 11','Muscular degeneration','Gonorrhea','Eye cancer','Vitreo-retinal surgery','Lens','Pupil');
INSERT INTO EYEPATIENT VALUES ('CAT2018-007',91,'Dwayne','Mccormick','36','Y','F','2551489','1171695','CF 12','20/32','CF 14','20/12.5','20/12.5','20/70','CF 10','20/100','Ocular Hypertension','Chlamydia','Lower respiratory infection','Glaucoma surgery','Retina','Cornea');
INSERT INTO EYEPATIENT VALUES ('CAT2018-006',90,'Thompson','Lyons','55','N','F','1622973','7527564','CF 4','20/63','CF 13','CF 9','CF 18','CF 13','CF 11','U','Glaucoma','Gonorrhea','Ischemic heart disease','Corneal surgery','Vitreous','Retina');
INSERT INTO EYEPATIENT VALUES ('CAT2018-005',89,'Zachary','Hamilton','44','Y','M','5388314','1675990','+LP','20/70','CF 3','CF 19','CF 9','20/32','20/160','CF 7','Muscular degeneration','Refractive error','Stroke','Cataract surgery','Fovea','Pupil');
INSERT INTO EYEPATIENT VALUES ('CAT2018-004',88,'Hopkins','Francis','67','N','M','5426592','1332689','20/20','+LP','CF 20','-LP','CF 9','CF 13','CF 11','20/12.5','Glaucoma','Bacterial keratitis','Diabetes mellitus','Oculoplastic surgery','Iris','Fovea');
INSERT INTO EYEPATIENT VALUES ('CAT2018-003',87,'Jason','Guerrero','71','N','M','5698376','1221006','HM','CF 5','CF 20','CF 8','20/32','20/40','20/70','CF 6','Uveitis','Refractive error','Stroke','Vitreo-retinal surgery','Sclera','Sclera');
INSERT INTO EYEPATIENT VALUES ('CAT2018-002',86,'Brandy','Estelle','16','Y','F','7612308','5388314','CF 17','CF 5','CF 10','-LP','CF 20','CF 14','20/80','20/200','Retinal Detachment','Chlamydia','Lower respiratory infection','Corneal surgery','Sclera','Retina');
INSERT INTO EYEPATIENT VALUES ('CAT2018-001',85,'Derek','Lyons','93','Y','M','7612308','1171695','U','20/25','CF 20','CF 18','CF 8','CF 18','20/80','CF 8','Lazy Eye','Diabetic retinopathy','Eye cancer','Cataract surgery','Pupil','Pupil');
INSERT INTO EYEPATIENT VALUES ('CAT2018-000',84,'Larson','Leigh','7','N','M','5388314','6195597','20/32','CF 7','CF 5','CF 5','20/200','+LP','20/100','CF 9','Eyelid Twitching','Corneal opacification','Chronic obstructive pulmonary disease','Cataract surgery','Sclera','Lens');
INSERT INTO EYEPATIENT VALUES ('CAT2017-041',83,'Guerrero','Garcia','27','N','F','3746541','6771840','CF 5','20/63','HM','20/200','CF 9','CF 16','CF 10','CF 2','Cataract','Herpes simplex','Chronic obstructive pulmonary disease','Cataract surgery','Cornea','Pupil');
INSERT INTO EYEPATIENT VALUES ('CAT2017-040',82,'Gregory','Trevor','82','N','M','9569042','7612308','CF 10','CF 2','20/16','20/200','CF 2','HM','+LP','20/80','Cataract','Chlamydia','Ischemic heart disease','Cataract surgery','Sclera','Cornea');
INSERT INTO EYEPATIENT VALUES ('CAT2017-039',81,'Garcia','Thompson','7','Y','M','9879858','6195597','CF 15','20/40','CF 3','20/50','20/200','HM','CF 16','CF 8','Lazy Eye','Corneal opacification','Coronary artery disease','Vitreo-retinal surgery','Cornea','Sclera');
INSERT INTO EYEPATIENT VALUES ('CAT2017-038',80,'Zachary','Lyons','85','Y','F','5698376','6968688','CF 6','CF 18','CF 1','+LP','CF 8','CF 16','20/20','CF 11','Color blindness','Corneal opacification','Eye cancer','Corneal surgery','Lens','Cornea');
INSERT INTO EYEPATIENT VALUES ('CAT2017-037',79,'Love','Latoya','89','N','F','1332689','2985745','20/32','CF 19','20/10','CF 10','CF 17','CF 18','20/63','20/12.5','Low Vision','Corneal opacification','Stroke','Glaucoma surgery','Lens','Fovea');
INSERT INTO EYEPATIENT VALUES ('CAT2017-036',78,'Colleen','Leigh','46','N','M','1622973','1622973','20/12.5','CF 16','20/100','CF 9','CF 3','+LP','CF 4','CF 7','Muscular degeneration','Bacterial keratitis','Stroke','Laser eye surgery','Lens','Vitreous');
INSERT INTO EYEPATIENT VALUES ('CAT2017-035',77,'Rosemary','Debbie','89','Y','F','5426592','8801706','20/12.5','CF 20','20/50','20/32','CF 14','20/25','U','CF 7','Bulgin eyes','Chlamydia','Chronic obstructive pulmonary disease','Laser eye surgery','Pupil','Fovea');
INSERT INTO EYEPATIENT VALUES ('CAT2017-034',76,'Brent','Baldwin','53','Y','M','5698376','1652789','HM','20/16','20/70','CF 5','CF 7','CF 15','20/80','20/12.5','Crossed eyes','Herpes simplex','Chronic obstructive pulmonary disease','Cataract surgery','Sclera','Cornea');
INSERT INTO EYEPATIENT VALUES ('CAT2017-033',75,'Cummings','Larson','68','N','M','5761623','5426592','20/12.5','20/160','CF 10','CF 10','20/200','CF 16','HM','20/160','Retinal Detachment','Chlamydia','Chronic obstructive pulmonary disease','Laser eye surgery','Retina','Sclera');
INSERT INTO EYEPATIENT VALUES ('CAT2017-032',74,'Debbie','Douglas','29','N','F','6195597','1221006','CF 20','20/25','20/120','20/70','CF 1','20/12.5','CF 2','20/40','Uveitis','Herpes simplex','Stroke','Laser eye surgery','Vitreous','Cornea');
INSERT INTO EYEPATIENT VALUES ('CAT2017-031',73,'Lyons','Joey','95','Y','F','7527564','9879858','CF 9','20/50','20/160','CF 1','20/12.5','CF 18','HM','+LP','Cataract','Herpes simplex','Ischemic heart disease','Laser eye surgery','Vitreous','Macula');
INSERT INTO EYEPATIENT VALUES ('CAT2017-030',72,'Zachary','Francis','85','Y','M','3746541','1622973','CF 9','20/200','20/10','CF 10','CF 19','20/63','CF 3','20/80','Diabetic Macular Edema','Gonorrhea','Chronic obstructive pulmonary disease','Laser eye surgery','Iris','Sclera');
INSERT INTO EYEPATIENT VALUES ('CAT2017-029',71,'Julian','Danny','29','N','M','9879858','1221006','20/70','CF 13','CF 5','CF 8','20/40','CF 12','20/50','CF 19','Eye Floaters and Eye Flashes','Refractive error','Stroke','Cataract surgery','Pupil','Lens');
INSERT INTO EYEPATIENT VALUES ('CAT2017-028',70,'Faith','Joey','22','N','F','9879858','1652789','20/63','CF 15','CF 1','CF 15','+LP','CF 6','20/16','CF 18','Lazy Eye','Corneal opacification','Eye cancer','Glaucoma surgery','Pupil','Pupil');
INSERT INTO EYEPATIENT VALUES ('CAT2017-027',69,'Dwayne','Medina','72','Y','F','1875190','6771840','CF 10','20/25','+LP','+LP','20/10','CF 9','20/16','CF 11','Ocular Hypertension','Gonorrhea','Diabetes mellitus','Cataract surgery','Fovea','Sclera');
INSERT INTO EYEPATIENT VALUES ('CAT2017-026',68,'Bailey','Rice','8','N','F','2985745','1171695','20/12.5','CF 4','CF 7','20/12.5','20/10','20/32','CF 15','CF 11','Color blindness','Refractive error','Eye cancer','Cataract surgery','Lens','Pupil');
INSERT INTO EYEPATIENT VALUES ('CAT2017-025',67,'Debbie','Brandy','38','N','M','6771840','1152035','20/100','CF 10','20/70','CF 6','CF 12','+LP','CF 20','20/63','Uveitis','Corneal opacification','Ischemic heart disease','Cataract surgery','Vitreous','Lens');
INSERT INTO EYEPATIENT VALUES ('CAT2017-024',66,'Brock','Martin','18','N','F','1652789','5388314','CF 9','CF 7','CF 6','CF 7','CF 8','CF 6','20/32','20/63','Low Vision','Bacterial keratitis','Diabetes mellitus','Oculoplastic surgery','Vitreous','Pupil');
INSERT INTO EYEPATIENT VALUES ('CAT2017-023',65,'Julius','Javier','18','N','F','9879858','1836558','U','CF 10','CF 17','20/160','-LP','20/63','20/50','CF 7','Low Vision','Shingles','Stroke','Oculoplastic surgery','Lens','Macula');
INSERT INTO EYEPATIENT VALUES ('CAT2017-022',64,'Juan','Bush','45','Y','M','6641984','6771840','CF 1','20/16','20/12.5','CF 14','CF 4','CF 10','CF 6','CF 5','Ocular Hypertension','Ocular histoplasmosis syndrome','Lower respiratory infection','Glaucoma surgery','Vitreous','Retina');
INSERT INTO EYEPATIENT VALUES ('CAT2017-021',63,'Brandi','Rice','26','N','F','7527564','7527564','20/100','HM','CF 7','20/100','CF 3','20/50','20/16','CF 15','Eye Floaters and Eye Flashes','Diabetic retinopathy','Coronary artery disease','Glaucoma surgery','Iris','Pupil');
INSERT INTO EYEPATIENT VALUES ('CAT2017-020',62,'Garcia','Riley','92','N','M','7612308','5426592','20/16','CF 18','CF 12','CF 15','20/80','20/25','20/100','20/25','Cataract','Herpes simplex','Coronary artery disease','Laser eye surgery','Sclera','Fovea');
INSERT INTO EYEPATIENT VALUES ('CAT2017-019',61,'Brandi','Ricky','25','N','F','7527564','6641984','20/100','CF 1','CF 2','U','20/63','CF 20','HM','CF 14','Lazy Eye','Gonorrhea','Alzheimers disease','Vitreo-retinal surgery','Macula','Vitreous');
INSERT INTO EYEPATIENT VALUES ('CAT2017-018',60,'Bell','Mclaughlin','11','N','F','5698376','9569042','CF 19','CF 7','CF 3','20/50','20/200','U','CF 12','20/25','Bulgin eyes','Refractive error','Chronic obstructive pulmonary disease','Vitreo-retinal surgery','Retina','Macula');
INSERT INTO EYEPATIENT VALUES ('CAT2017-017',59,'Garcia','Bush','5','Y','F','6195597','5248961','20/25','U','20/16','CF 1','-LP','20/120','CF 17','CF 17','Color blindness','Diabetic retinopathy','Coronary artery disease','Refractive surgery','Cornea','Retina');
INSERT INTO EYEPATIENT VALUES ('CAT2017-016',58,'Rosa','Stella','15','Y','M','1875190','6641984','HM','HM','CF 1','CF 15','20/25','20/32','20/80','20/63','Color blindness','Bacterial keratitis','Coronary artery disease','Oculoplastic surgery','Cornea','Macula');
INSERT INTO EYEPATIENT VALUES ('CAT2017-015',57,'Floyd','Murphy','66','N','F','1152035','9569042','CF 19','+LP','20/200','CF 13','CF 20','20/63','CF 6','20/25','Glaucoma','Gonorrhea','Stroke','Cataract surgery','Retina','Retina');
INSERT INTO EYEPATIENT VALUES ('CAT2017-014',56,'Chad','Bell','82','N','M','9879858','5698376','20/25','CF 17','U','CF 15','20/120','20/120','CF 18','CF 10','Ocular Hypertension','Chlamydia','Coronary artery disease','Eye muscle surgery','Pupil','Cornea');
INSERT INTO EYEPATIENT VALUES ('CAT2017-013',55,'Murphy','Todd','86','N','F','2985745','1622973','CF 5','CF 2','CF 20','CF 20','20/63','CF 11','20/160','CF 2','Diabetic Macular Edema','Shingles','Diabetes mellitus','Refractive surgery','Macula','Iris');
INSERT INTO EYEPATIENT VALUES ('CAT2017-012',54,'Kelley','Quinn','8','Y','F','6195597','5426592','CF 17','CF 2','CF 15','CF 11','CF 19','20/20','CF 15','-LP','Glaucoma','Ocular histoplasmosis syndrome','Diabetes mellitus','Refractive surgery','Retina','Lens');
INSERT INTO EYEPATIENT VALUES ('CAT2017-011',53,'Hogan','Quinn','29','Y','M','7527564','1875190','CF 3','CF 2','CF 9','CF 6','CF 18','20/63','20/100','CF 8','Bulgin eyes','Chlamydia','Eye cancer','Cataract surgery','Cornea','Retina');
INSERT INTO EYEPATIENT VALUES ('CAT2017-010',52,'Jackie','Simpson','17','Y','M','5426592','1836558','20/160','20/100','20/10','-LP','20/120','CF 13','20/32','CF 4','Crossed eyes','Diabetic retinopathy','Eye cancer','Refractive surgery','Iris','Vitreous');
INSERT INTO EYEPATIENT VALUES ('CAT2017-009',51,'Nathaniel','Lamar','34','N','M','2985745','6641984','20/70','CF 1','CF 6','CF 4','CF 1','CF 3','CF 3','20/160','Diabetic Macular Edema','Gonorrhea','Eye cancer','Oculoplastic surgery','Sclera','Sclera');
INSERT INTO EYEPATIENT VALUES ('CAT2017-008',50,'Arnold','Rosemary','55','Y','M','8801706','7527564','CF 14','HM','CF 1','+LP','CF 5','20/40','20/16','+LP','Diabetic Macular Edema','Herpes simplex','Stroke','Eye muscle surgery','Fovea','Macula');
INSERT INTO EYEPATIENT VALUES ('CAT2017-007',49,'Susie','Hogan','28','N','M','1622973','1171695','20/25','CF 15','20/160','20/40','20/16','20/80','CF 16','CF 17','Lazy Eye','Refractive error','Eye cancer','Refractive surgery','Sclera','Cornea');
INSERT INTO EYEPATIENT VALUES ('CAT2017-006',48,'Rosemary','Rice','15','N','M','2551489','5049625','-LP','CF 19','CF 11','20/100','20/10','20/200','CF 15','20/200','Muscular degeneration','Diabetic retinopathy','Coronary artery disease','Eye muscle surgery','Pupil','Lens');
INSERT INTO EYEPATIENT VALUES ('CAT2017-005',47,'Francis','Curtis','59','Y','F','9569042','9879858','20/32','CF 12','20/160','20/200','20/12.5','-LP','CF 2','20/63','Diabetic Macular Edema','Gonorrhea','Alzheimers disease','Eye muscle surgery','Fovea','Fovea');
INSERT INTO EYEPATIENT VALUES ('CAT2017-004',46,'Garcia','Underwood','52','N','M','6195597','2985745','20/100','CF 14','20/20','20/120','20/10','CF 6','CF 7','20/50','Glaucoma','Herpes simplex','Eye cancer','Laser eye surgery','Fovea','Lens');
INSERT INTO EYEPATIENT VALUES ('CAT2017-003',45,'Bryan','Lena','44','N','M','5698376','9811999','CF 8','CF 5','CF 12','+LP','20/16','20/160','20/80','CF 14','Muscular degeneration','Refractive error','Coronary artery disease','Refractive surgery','Cornea','Retina');
INSERT INTO EYEPATIENT VALUES ('CAT2017-002',44,'Murphy','Kayla','52','N','M','1875190','5761623','CF 11','CF 16','CF 18','CF 15','CF 15','20/70','CF 9','CF 11','Keratoconus','Ocular histoplasmosis syndrome','Diabetes mellitus','Oculoplastic surgery','Pupil','Iris');
INSERT INTO EYEPATIENT VALUES ('CAT2017-001',43,'Brandi','Susie','4','Y','F','1675990','6641984','CF 17','CF 20','20/200','20/50','20/32','CF 15','CF 4','CF 7','Eye Floaters and Eye Flashes','Chlamydia','Eye cancer','Vitreo-retinal surgery','Macula','Pupil');
INSERT INTO EYEPATIENT VALUES ('CAT2017-000',42,'Brandy','Bush','40','N','F','5388314','1171695','CF 10','20/16','CF 6','CF 12','20/25','CF 12','CF 4','CF 3','Ocular Hypertension','Ocular histoplasmosis syndrome','Stroke','Refractive surgery','Pupil','Macula');
INSERT INTO EYEPATIENT VALUES ('CAT2016-040',41,'Hogan','Latoya','6','N','F','9811999','2906183','CF 10','20/63','CF 7','CF 6','20/20','20/32','20/50','20/20','Retinal Detachment','Diabetic retinopathy','Alzheimers disease','Refractive surgery','Iris','Cornea');
INSERT INTO EYEPATIENT VALUES ('CAT2016-039',40,'Cummings','Stevenson','7','Y','M','6968688','1463606','CF 7','20/63','20/12.5','CF 12','20/20','20/160','CF 18','20/70','CMV Retinitis','Refractive error','Coronary artery disease','Eye muscle surgery','Pupil','Pupil');
INSERT INTO EYEPATIENT VALUES ('CAT2016-038',39,'Sandoval','Hicks','0','N','F','8801706','5248961','20/25','CF 2','20/12.5','20/10','CF 17','20/20','CF 7','20/40','Keratoconus','Bacterial keratitis','Diabetes mellitus','Oculoplastic surgery','Iris','Retina');
INSERT INTO EYEPATIENT VALUES ('CAT2016-037',38,'Stella','Rice','71','N','M','2985745','1675990','20/70','HM','20/32','20/70','20/12.5','20/32','20/80','CF 9','Eyelid Twitching','Shingles','Chronic obstructive pulmonary disease','Corneal surgery','Macula','Pupil');
INSERT INTO EYEPATIENT VALUES ('CAT2016-036',37,'Wendy','Riley','21','Y','M','2906183','1675990','CF 2','20/80','20/200','CF 6','CF 17','-LP','20/12.5','CF 5','Lazy Eye','Shingles','Alzheimers disease','Oculoplastic surgery','Macula','Macula');
INSERT INTO EYEPATIENT VALUES ('CAT2016-035',36,'Danny','Latoya','89','N','F','9569042','5426592','HM','20/80','CF 1','CF 18','20/10','CF 8','CF 13','+LP','Eye Floaters and Eye Flashes','Bacterial keratitis','Lower respiratory infection','Refractive surgery','Pupil','Retina');
INSERT INTO EYEPATIENT VALUES ('CAT2016-034',35,'Beatrice','Cummings','39','N','F','1675990','7612308','-LP','CF 14','CF 1','20/25','20/80','CF 16','20/120','20/32','Keratoconus','Gonorrhea','Diabetes mellitus','Oculoplastic surgery','Retina','Lens');
INSERT INTO EYEPATIENT VALUES ('CAT2016-033',34,'Hogan','Cunningham','90','Y','M','1652789','1675990','CF 20','CF 20','20/40','20/16','20/63','CF 7','CF 15','CF 17','Glaucoma','Herpes simplex','Stroke','Cataract surgery','Vitreous','Cornea');
INSERT INTO EYEPATIENT VALUES ('CAT2016-032',33,'Danny','Mitchell','35','Y','F','1171695','5248961','CF 7','20/20','CF 13','CF 6','20/120','20/32','CF 16','CF 14','Diabetic Macular Edema','Chlamydia','Alzheimers disease','Corneal surgery','Vitreous','Retina');
INSERT INTO EYEPATIENT VALUES ('CAT2016-031',32,'Simpson','Todd','60','Y','F','1152035','6771840','CF 9','CF 2','CF 14','20/120','CF 6','CF 5','20/160','CF 6','CMV Retinitis','Shingles','Diabetes mellitus','Laser eye surgery','Sclera','Retina');
INSERT INTO EYEPATIENT VALUES ('CAT2016-030',31,'Susie','Daniels','29','N','F','6968688','5698376','CF 4','20/16','20/70','CF 14','20/50','20/200','CF 16','CF 16','Muscular degeneration','Ocular histoplasmosis syndrome','Ischemic heart disease','Laser eye surgery','Pupil','Sclera');
INSERT INTO EYEPATIENT VALUES ('CAT2016-029',30,'Jason','Stella','80','Y','F','1332689','6641984','20/120','20/16','CF 19','CF 15','20/25','20/80','CF 6','CF 15','Crossed eyes','Diabetic retinopathy','Lower respiratory infection','Vitreo-retinal surgery','Vitreous','Cornea');
INSERT INTO EYEPATIENT VALUES ('CAT2016-028',29,'Love','Trevor','5','Y','F','2985745','5426592','20/32','CF 14','CF 12','CF 3','CF 3','CF 18','20/80','20/50','Lazy Eye','Gonorrhea','Coronary artery disease','Vitreo-retinal surgery','Pupil','Vitreous');
INSERT INTO EYEPATIENT VALUES ('CAT2016-027',28,'Shelton','Floyd','3','Y','F','9569042','6771840','CF 5','CF 8','CF 19','CF 18','20/20','CF 11','20/50','CF 18','CMV Retinitis','Refractive error','Coronary artery disease','Corneal surgery','Sclera','Fovea');
INSERT INTO EYEPATIENT VALUES ('CAT2016-026',27,'Underwood','Brandy','3','N','F','2985745','3746541','20/20','20/50','CF 11','20/70','20/32','CF 11','CF 15','20/25','Low Vision','Herpes simplex','Coronary artery disease','Refractive surgery','Sclera','Cornea');
INSERT INTO EYEPATIENT VALUES ('CAT2016-025',26,'Beatrice','Wendy','84','N','M','1652789','1332689','CF 18','20/63','CF 8','CF 5','CF 8','20/20','20/25','+LP','Glaucoma','Bacterial keratitis','Diabetes mellitus','Corneal surgery','Retina','Vitreous');
INSERT INTO EYEPATIENT VALUES ('CAT2016-024',25,'Colleen','Jackie','95','Y','F','6641984','3746541','20/100','CF 15','20/160','20/16','U','CF 5','U','CF 13','Eyelid Twitching','Refractive error','Chronic obstructive pulmonary disease','Vitreo-retinal surgery','Macula','Fovea');
INSERT INTO EYEPATIENT VALUES ('CAT2016-023',24,'Beatrice','Love','21','Y','F','1875190','1675990','U','CF 11','20/100','CF 12','CF 6','CF 11','20/50','20/40','Retinal Detachment','Diabetic retinopathy','Alzheimers disease','Corneal surgery','Fovea','Vitreous');
INSERT INTO EYEPATIENT VALUES ('CAT2016-022',23,'Bennie','Lyons','50','N','F','6641984','7527564','CF 18','20/100','CF 7','CF 8','20/80','20/12.5','-LP','20/63','Crossed eyes','Herpes simplex','Ischemic heart disease','Oculoplastic surgery','Vitreous','Pupil');
INSERT INTO EYEPATIENT VALUES ('CAT2016-021',22,'Baldwin','Colleen','35','Y','M','8801706','6195597','20/12.5','20/120','CF 18','20/32','-LP','CF 3','20/50','20/120','Uveitis','Shingles','Diabetes mellitus','Cataract surgery','Pupil','Lens');
INSERT INTO EYEPATIENT VALUES ('CAT2016-020',21,'Francis','Dwight','50','N','F','1622973','6771840','20/10','CF 8','CF 10','20/200','CF 19','20/20','CF 14','CF 14','Bulgin eyes','Chlamydia','Eye cancer','Cataract surgery','Fovea','Lens');
INSERT INTO EYEPATIENT VALUES ('CAT2016-019',20,'Alvarado','Trevor','75','N','F','6968688','1152035','20/20','CF 11','CF 16','CF 5','20/40','20/100','CF 9','CF 18','Crossed eyes','Corneal opacification','Alzheimers disease','Cataract surgery','Pupil','Macula');
INSERT INTO EYEPATIENT VALUES ('CAT2016-018',19,'Weber','Walter','64','Y','F','1622973','9811999','20/16','20/80','20/120','CF 6','CF 10','20/10','CF 3','20/100','Lazy Eye','Shingles','Ischemic heart disease','Refractive surgery','Iris','Cornea');
INSERT INTO EYEPATIENT VALUES ('CAT2016-017',18,'Bennie','Weber','98','Y','F','5698376','1332689','20/16','20/80','20/16','CF 8','20/50','CF 15','CF 19','CF 4','Keratoconus','Diabetic retinopathy','Diabetes mellitus','Eye muscle surgery','Cornea','Macula');
INSERT INTO EYEPATIENT VALUES ('CAT2016-016',17,'Bailey','Brent','76','N','F','1171695','1875190','+LP','20/10','20/20','20/100','CF 1','CF 15','CF 10','CF 17','Color blindness','Chlamydia','Ischemic heart disease','Refractive surgery','Retina','Retina');
INSERT INTO EYEPATIENT VALUES ('CAT2016-015',16,'Riley','Brent','73','N','M','2985745','9879858','20/20','CF 1','20/50','CF 2','CF 7','20/32','CF 18','-LP','Color blindness','Ocular histoplasmosis syndrome','Stroke','Oculoplastic surgery','Iris','Cornea');
INSERT INTO EYEPATIENT VALUES ('CAT2016-014',15,'Stella','Floyd','16','N','M','1622973','9569042','20/70','20/40','CF 15','CF 1','CF 3','-LP','CF 12','20/40','Crossed eyes','Herpes simplex','Eye cancer','Eye muscle surgery','Iris','Vitreous');
INSERT INTO EYEPATIENT VALUES ('CAT2016-013',14,'Hammond','Bailey','55','N','F','5698376','8801706','CF 20','CF 12','20/100','CF 6','CF 8','CF 18','CF 4','CF 3','Low Vision','Diabetic retinopathy','Ischemic heart disease','Corneal surgery','Pupil','Macula');
INSERT INTO EYEPATIENT VALUES ('CAT2016-012',13,'Bennie','Hamilton','99','Y','F','6968688','6968688','20/100','20/80','20/120','CF 12','CF 6','20/120','CF 10','CF 10','Crossed eyes','Shingles','Coronary artery disease','Refractive surgery','Lens','Retina');
INSERT INTO EYEPATIENT VALUES ('CAT2016-011',12,'Dwight','Kayla','36','Y','F','7612308','7612308','CF 13','-LP','20/50','CF 15','20/16','20/50','HM','CF 19','Muscular degeneration','Refractive error','Stroke','Corneal surgery','Cornea','Retina');
INSERT INTO EYEPATIENT VALUES ('CAT2016-010',11,'Christie','Susie','10','N','M','1875190','5388314','CF 3','CF 1','CF 6','+LP','CF 20','20/32','CF 4','CF 1','Ocular Hypertension','Refractive error','Ischemic heart disease','Vitreo-retinal surgery','Cornea','Cornea');
INSERT INTO EYEPATIENT VALUES ('CAT2016-009',10,'Candace','Lena','36','N','M','5698376','1622973','CF 9','U','CF 20','CF 9','20/10','CF 2','20/70','CF 10','Muscular degeneration','Ocular histoplasmosis syndrome','Ischemic heart disease','Glaucoma surgery','Fovea','Iris');
INSERT INTO EYEPATIENT VALUES ('CAT2016-008',9,'Guerrero','Todd','14','Y','M','5388314','7527564','CF 7','20/40','U','CF 4','20/40','CF 19','CF 14','20/40','Low Vision','Gonorrhea','Ischemic heart disease','Cataract surgery','Vitreous','Macula');
INSERT INTO EYEPATIENT VALUES ('CAT2016-007',8,'Quinn','Guzman','37','N','F','5049625','1622973','20/80','20/32','HM','-LP','20/120','20/160','CF 8','CF 16','Lazy Eye','Refractive error','Lower respiratory infection','Laser eye surgery','Iris','Fovea');
INSERT INTO EYEPATIENT VALUES ('CAT2016-006',7,'Leah','Jason','81','N','M','1675990','2985745','CF 10','CF 17','HM','CF 6','20/16','CF 11','-LP','20/160','Eye Floaters and Eye Flashes','Herpes simplex','Chronic obstructive pulmonary disease','Oculoplastic surgery','Pupil','Pupil');
INSERT INTO EYEPATIENT VALUES ('CAT2016-005',6,'Alison','Jeffery','22','Y','M','6968688','5426592','20/80','20/12.5','+LP','CF 16','20/16','20/25','CF 8','20/70','Diabetic Macular Edema','Bacterial keratitis','Alzheimers disease','Oculoplastic surgery','Pupil','Iris');
INSERT INTO EYEPATIENT VALUES ('CAT2016-004',5,'Floyd','Faith','37','Y','M','9569042','9879858','20/50','20/70','CF 5','CF 11','CF 19','20/160','U','CF 9','Uveitis','Chlamydia','Stroke','Corneal surgery','Vitreous','Lens');
INSERT INTO EYEPATIENT VALUES ('CAT2016-003',4,'Sabrina','Bailey','48','N','M','6195597','1171695','CF 19','20/32','CF 15','20/32','20/80','20/16','20/100','U','Retinal Detachment','Gonorrhea','Ischemic heart disease','Cataract surgery','Retina','Sclera');
INSERT INTO EYEPATIENT VALUES ('CAT2016-002',3,'Ricky','Shelton','55','N','F','5698376','1836558','20/10','20/70','CF 12','CF 16','CF 9','CF 4','20/63','CF 1','Low Vision','Gonorrhea','Eye cancer','Vitreo-retinal surgery','Cornea','Retina');
INSERT INTO EYEPATIENT VALUES ('CAT2016-001',2,'Brock','Dwight','59','N','F','1622973','1221006','CF 6','20/25','+LP','CF 16','CF 16','CF 6','20/120','20/32','Muscular degeneration','Herpes simplex','Stroke','Corneal surgery','Iris','Sclera');
INSERT INTO EYEPATIENT VALUES ('CAT2016-000',1,'Julius','Bennie','57','N','F','6195597','1622973','CF 8','CF 3','CF 3','20/20','20/50','20/32','20/200','20/200','Low Vision','Gonorrhea','Coronary artery disease','Eye muscle surgery','Sclera','Sclera');







INSERT INTO SURGERY VALUES ('2018-00040','5388314','CAT2017-018','Normal','Look, a distraction!','Eye cancer','Topical','8113 S. Augusta Court York, PA 17402','2017-11-19','nice','1332689','1652789','Phakia',7438.54,7303.30,6281.45,3192.31,3950.46,1668.76,9165.54);
INSERT INTO SURGERY VALUES ('2018-00039','6968688','CAT2016-028','Low vision','Everyday a grape licks a friendly cow','Ischemic heart disease','General','89 Lees Creek Road Hopkinsville, KY 42240','2017-9-8','nice','8801706','6968688','Aphakia',4913.77,1003.67,1833.74,2730.98,999.94,3474.65,4924.9);
INSERT INTO SURGERY VALUES ('2018-00038','1875190','CAT2016-036','Low vision','Llamas eat sexy paper clips','Chronic obstructive pulmonary disease','General','7645 Annadale Ave. Londonderry, NH 03053','2017-12-13','deadly','1463606','1171695','Pseudophakia',1302.78,9694.8,3654.86,2592.47,6099.22,6185.29,5677.58);
INSERT INTO SURGERY VALUES ('2018-00037','7527564','CAT2017-005','Normal','Llamas eat sexy paper clips','Coronary artery disease','Topical','296 Glen Eagles Court Wake Forest, NC 27587','2017-11-22','deadly','1652789','7527564','Pseudophakia',6580.20,2622.18,4293.16,5442.77,452.20,7925.29,8937.7);
INSERT INTO SURGERY VALUES ('2018-00036','7612308','CAT2018-004','Medium vision','Look, a distraction!','Stroke','General','8354 S. Walnutwood St. Brownsburg, IN 46112','2017-1-29','sad','6968688','2985745','Phakia',621.28,4262.73,6037.55,8992.84,9519.3,9252.74,5155.86);
INSERT INTO SURGERY VALUES ('2018-00035','6771840','CAT2018-040','Normal','I stepped on a Corn Flake, now Im a Cereal Killer','Stroke','Topical','296 Glen Eagles Court Wake Forest, NC 27587','2017-5-11','aww','5248961','1622973','Aphakia',7403.0,9033.8,9604.65,8428.52,1969.46,2033.63,1220.17);
INSERT INTO SURGERY VALUES ('2018-00034','5248961','CAT2018-015','Hign vision','Everyday a grape licks a friendly cow','Diabetes mellitus','General','306 Pilgrim Drive Collegeville, PA 19426','2017-1-16','nice','5426592','5049625','Pseudophakia',8661.54,107.4,3756.1,3504.99,7581.37,7978.37,6081.56);
INSERT INTO SURGERY VALUES ('2018-00033','5049625','CAT2016-009','Medium vision','I stepped on a Corn Flake, now Im a Cereal Killer','Eye cancer','General','7645 Annadale Ave. Londonderry, NH 03053','2017-4-23','aww','5426592','9811999','Phakia',6914.7,2251.85,6987.65,1282.60,9077.8,4238.26,4906.42);
INSERT INTO SURGERY VALUES ('2018-00032','9811999','CAT2017-022','Normal','I am so blue Im greener than purple.','Eye cancer','local','17 Beacon Drive Bethlehem, PA 18015','2017-10-27','better','6968688','6968688','Pseudophakia',9145.73,2478.58,8316.85,5137.69,3315.25,9031.46,2016.58);
INSERT INTO SURGERY VALUES ('2018-00031','1875190','CAT2016-020','No vision','Look, a distraction!','Eye cancer','local','296 Glen Eagles Court Wake Forest, NC 27587','2017-3-4','good','9569042','6641984','Phakia',643.38,779.33,886.92,1514.47,1492.73,160.22,8066.27);
INSERT INTO SURGERY VALUES ('2018-00030','1622973','CAT2016-017','No vision','Look, a distraction!','Eye cancer','General','48 W. Shipley St. Downingtown, PA 19335','2017-12-20','nice','1652789','1675990','Phakia',3262.73,2559.31,47.82,5916.14,4592.10,1171.93,37.24);
INSERT INTO SURGERY VALUES ('2018-00029','6195597','CAT2017-021','Low vision','Everyday a grape licks a friendly cow','Ischemic heart disease','local','240 Lincoln Street Rochester, NY 14606','2017-3-26','better','6195597','6968688','Aphakia',127.31,7102.54,6285.23,3573.39,6441.76,7491.64,1774.71);
INSERT INTO SURGERY VALUES ('2018-00028','9569042','CAT2017-031','Low vision','If your canoe is stuck in a tree with the headlights on, how many pancakes does it take to get to the moon?','Stroke','Topical','9762 N. East St. North Bergen, NJ 07047','2017-5-30','sad','5388314','2906183','Phakia',6884.13,8534.29,3625.41,2168.76,5262.32,1681.96,4142.26);
INSERT INTO SURGERY VALUES ('2018-00027','6641984','CAT2018-013','Medium vision','Banana error.','Alzheimers disease','General','89 Lees Creek Road Hopkinsville, KY 42240','2017-6-4','nice','2551489','6195597','Phakia',3715.4,1647.17,5521.28,2828.46,4218.35,9902.16,2137.31);
INSERT INTO SURGERY VALUES ('2018-00026','1622973','CAT2017-015','Hign vision','Banana error.','Alzheimers disease','Topical','80 Rockland St. Orland Park, IL 60462','2017-12-26','better','9569042','1675990','Pseudophakia',3875.39,7811.54,5641.31,1026.12,8527.8,5853.38,8931.57);
INSERT INTO SURGERY VALUES ('2018-00025','1171695','CAT2016-007','Hign vision','Everyday a grape licks a friendly cow','Ischemic heart disease','local','9588 Rockaway Lane Yuma, AZ 85365','2017-5-12','aww','1463606','5761623','Pseudophakia',4486.15,6838.22,3773.21,883.77,7577.70,5090.78,776.15);
INSERT INTO SURGERY VALUES ('2018-00024','1221006','CAT2016-003','No vision','I stepped on a Corn Flake, now Im a Cereal Killer','Chronic obstructive pulmonary disease','General','852 Harvard Rd. Tupelo, MS 38801','2017-12-6','deadly','6195597','5426592','Phakia',9920.10,7314.38,6327.91,6901.89,8001.86,6795.57,1463.90);
INSERT INTO SURGERY VALUES ('2018-00023','6968688','CAT2017-026','Normal','Look, a distraction!','Chronic obstructive pulmonary disease','General','8906 North Drive Astoria, NY 11102','2017-12-2','nice','1836558','2551489','Phakia',6007.64,739.71,3975.65,8216.68,1104.16,6057.52,3771.11);
INSERT INTO SURGERY VALUES ('2018-00022','5049625','CAT2017-036','Medium vision','Banana error.','Diabetes mellitus','Topical','83 S. Dogwood Dr. Hilliard, OH 43026','2017-12-25','good','6771840','9811999','Phakia',2775.5,2730.19,3284.91,2417.82,8076.33,3708.60,3286.78);
INSERT INTO SURGERY VALUES ('2018-00021','7527564','CAT2018-037','No vision','Banana error.','Diabetes mellitus','Topical','8906 North Drive Astoria, NY 11102','2017-10-20','nice','5426592','6195597','Phakia',7729.76,4929.32,8287.1,6322.79,6930.87,1626.31,2219.58);
INSERT INTO SURGERY VALUES ('2018-00020','1875190','CAT2016-016','Hign vision','Look, a distraction!','Eye cancer','local','852 Harvard Rd. Tupelo, MS 38801','2017-11-28','deadly','1836558','1675990','Pseudophakia',9856.34,4571.71,1886.51,5301.40,5040.26,4266.37,870.38);
INSERT INTO SURGERY VALUES ('2018-00019','5049625','CAT2016-034','Normal','The sparkly lamp ate a pillow then punched Larry.','Stroke','local','412 N. Trusel Ave. Highland Park, IL 60035','2017-3-30','better','5426592','9879858','Pseudophakia',2248.76,7349.82,7244.79,516.12,7742.96,8657.81,8091.22);
INSERT INTO SURGERY VALUES ('2018-00018','7612308','CAT2016-007','Hign vision','If your canoe is stuck in a tree with the headlights on, how many pancakes does it take to get to the moon?','Stroke','General','48 W. Shipley St. Downingtown, PA 19335','2017-7-4','aww','7612308','2906183','Pseudophakia',2301.0,3102.52,8299.34,1286.20,6729.12,936.44,2568.44);
INSERT INTO SURGERY VALUES ('2018-00017','8801706','CAT2016-032','Medium vision','If your canoe is stuck in a tree with the headlights on, how many pancakes does it take to get to the moon?','Alzheimers disease','local','306 Pilgrim Drive Collegeville, PA 19426','2017-8-4','better','5049625','9569042','Phakia',8411.14,9406.50,980.46,1609.6,5948.81,697.35,1400.22);
INSERT INTO SURGERY VALUES ('2018-00016','9569042','CAT2016-005','Normal','Everyday a grape licks a friendly cow','Ischemic heart disease','General','89 Lees Creek Road Hopkinsville, KY 42240','2017-2-16','nice','6641984','2985745','Aphakia',5063.23,8774.79,715.70,3383.9,1644.49,7141.69,4022.71);
INSERT INTO SURGERY VALUES ('2018-00015','6968688','CAT2018-007','Normal','What do you think about the magical yellow unicorn who dances on the rainbow with a spoonful of blue cheese dressing?','Lower respiratory infection','General','89 Lees Creek Road Hopkinsville, KY 42240','2017-6-23','aww','1875190','2985745','Pseudophakia',1042.91,2261.6,2082.68,1431.3,3567.85,211.72,9658.86);
INSERT INTO SURGERY VALUES ('2018-00014','8801706','CAT2016-016','Normal','What do you think about the magical yellow unicorn who dances on the rainbow with a spoonful of blue cheese dressing?','Lower respiratory infection','General','96 Newport Drive Palm Beach Gardens, FL 33410','2017-9-2','aww','1875190','9811999','Aphakia',9318.15,4995.44,2969.19,9105.32,4409.59,151.45,4372.47);
INSERT INTO SURGERY VALUES ('2018-00013','9569042','CAT2018-022','Hign vision','I stepped on a Corn Flake, now Im a Cereal Killer','Stroke','local','83 Wayne St. Winter Springs, FL 32708','2017-12-14','good','2985745','9879858','Pseudophakia',7887.35,6092.96,8079.9,9534.22,8915.79,2285.48,6162.14);
INSERT INTO SURGERY VALUES ('2018-00012','2906183','CAT2016-030','Medium vision','If your canoe is stuck in a tree with the headlights on, how many pancakes does it take to get to the moon?','Chronic obstructive pulmonary disease','local','25 Oak Meadow St Glendale Heights, IL 60139','2017-6-4','better','8801706','2985745','Phakia',1959.49,9963.7,152.56,3082.22,6105.59,1458.34,9936.14);
INSERT INTO SURGERY VALUES ('2018-00011','5388314','CAT2018-012','Low vision','If your canoe is stuck in a tree with the headlights on, how many pancakes does it take to get to the moon?','Diabetes mellitus','local','80 Rockland St. Orland Park, IL 60462','2017-12-8','nice','5388314','9879858','Aphakia',7934.8,2369.1,9115.23,7943.37,4591.46,2462.53,5116.51);
INSERT INTO SURGERY VALUES ('2018-00010','5248961','CAT2018-024','No vision','What do you think about the magical yellow unicorn who dances on the rainbow with a spoonful of blue cheese dressing?','Ischemic heart disease','General','989 Essex St. Chaska, MN 55318','2017-7-11','aww','5049625','3746541','Aphakia',2373.65,2576.78,887.1,4896.17,2591.25,6800.82,4755.20);
INSERT INTO SURGERY VALUES ('2018-00009','1171695','CAT2017-039','Normal','Look, a distraction!','Lower respiratory infection','Topical','89 Lees Creek Road Hopkinsville, KY 42240','2017-11-1','nice','1675990','1171695','Phakia',1830.2,2953.98,4002.12,3927.99,2610.57,6198.85,8749.99);
INSERT INTO SURGERY VALUES ('2018-00008','7612308','CAT2017-019','No vision','Look, a distraction!','Eye cancer','local','873 East Pheasant Dr. Manahawkin, NJ 08050','2017-8-29','nice','1652789','3746541','Phakia',1347.6,4495.72,6367.87,6253.14,5304.2,9528.39,4688.52);
INSERT INTO SURGERY VALUES ('2018-00007','9569042','CAT2018-038','Hign vision','Llamas eat sexy paper clips','Alzheimers disease','Topical','296 Glen Eagles Court Wake Forest, NC 27587','2017-3-3','better','1652789','1622973','Phakia',9080.24,1974.62,5130.48,5195.55,9607.12,6224.94,4403.57);
INSERT INTO SURGERY VALUES ('2018-00006','6771840','CAT2017-017','Medium vision','On a scale from one to ten what is your favourite colour of the alphabet.','Alzheimers disease','General','989 Essex St. Chaska, MN 55318','2017-7-22','good','6968688','1171695','Aphakia',9117.4,9181.66,8065.54,3922.87,9405.84,8409.65,5122.91);
INSERT INTO SURGERY VALUES ('2018-00005','3746541','CAT2018-002','No vision','I am so blue Im greener than purple.','Eye cancer','Topical','83 Tunnel St. Coatesville, PA 19320','2017-1-2','aww','7527564','1171695','Aphakia',4876.77,2547.78,4625.9,7276.39,7586.97,6770.31,8889.90);
INSERT INTO SURGERY VALUES ('2018-00004','2906183','CAT2017-030','Medium vision','Llamas eat sexy paper clips','Eye cancer','Topical','25 Oak Meadow St Glendale Heights, IL 60139','2017-10-8','better','9879858','1836558','Phakia',3468.24,505.93,6987.9,173.58,4845.61,2125.45,7360.99);
INSERT INTO SURGERY VALUES ('2018-00003','5426592','CAT2016-036','No vision','I am so blue Im greener than purple.','Alzheimers disease','Topical','89 Lees Creek Road Hopkinsville, KY 42240','2017-5-19','nice','6641984','1171695','Phakia',4473.31,7589.86,9729.34,5018.49,6001.64,1001.93,1666.84);
INSERT INTO SURGERY VALUES ('2018-00002','1152035','CAT2017-040','Low vision','What do you think about the magical yellow unicorn who dances on the rainbow with a spoonful of blue cheese dressing?','Coronary artery disease','General','5 Arcadia Street Lake Mary, FL 32746','2017-10-7','good','1675990','6968688','Pseudophakia',7216.49,1454.86,8049.36,68.85,6293.92,8472.60,746.58);
INSERT INTO SURGERY VALUES ('2018-00001','5761623','CAT2018-029','Low vision','Llamas eat sexy paper clips','Lower respiratory infection','General','17 Beacon Drive Bethlehem, PA 18015','2017-11-23','sad','7527564','5761623','Phakia',7211.79,6682.62,6141.43,1506.97,4862.39,2799.16,4634.86);
INSERT INTO SURGERY VALUES ('2018-00000','7612308','CAT2017-040','Medium vision','The sparkly lamp ate a pillow then punched Larry.','Diabetes mellitus','General','852 Harvard Rd. Tupelo, MS 38801','2017-4-6','sad','5761623','5049625','Pseudophakia',5110.93,8576.77,1429.5,3177.47,5978.29,3528.2,9226.70);
INSERT INTO SURGERY VALUES ('2017-00045','8801706','CAT2018-041','Hign vision','I am so blue Im greener than purple.','Chronic obstructive pulmonary disease','General','8625 Bellevue Ave. Canal Winchester, OH 43110','2017-11-4','sad','2985745','1652789','Phakia',5071.40,7550.83,519.71,2275.13,2928.38,7510.26,489.82);
INSERT INTO SURGERY VALUES ('2017-00044','7527564','CAT2017-028','Low vision','Llamas eat sexy paper clips','Chronic obstructive pulmonary disease','General','17 Beacon Drive Bethlehem, PA 18015','2017-10-20','sad','3746541','6641984','Phakia',8781.10,8374.60,7274.5,4079.78,7941.19,3196.9,9931.85);
INSERT INTO SURGERY VALUES ('2017-00043','8801706','CAT2017-025','No vision','The sparkly lamp ate a pillow then punched Larry.','Ischemic heart disease','General','91 East Longfellow St. Saint Cloud, MN 56301','2017-7-14','nice','7612308','1171695','Phakia',2096.26,1293.26,6305.13,5888.12,9666.41,3192.23,5010.47);
INSERT INTO SURGERY VALUES ('2017-00042','1875190','CAT2018-036','No vision','Banana error.','Ischemic heart disease','Topical','5 Arcadia Street Lake Mary, FL 32746','2017-3-30','deadly','1171695','7612308','Aphakia',4666.23,2174.14,98.6,610.64,3110.21,5978.44,4968.73);
INSERT INTO SURGERY VALUES ('2017-00041','5388314','CAT2017-027','Hign vision','What do you think about the magical yellow unicorn who dances on the rainbow with a spoonful of blue cheese dressing?','Ischemic heart disease','General','784 Sheffield Ave. Brooklyn, NY 11201','2017-10-18','sad','1836558','1463606','Pseudophakia',5447.80,5634.90,1843.42,3733.0,2256.30,3467.42,393.20);
INSERT INTO SURGERY VALUES ('2017-00040','8801706','CAT2017-033','Low vision','Look, a distraction!','Eye cancer','General','7645 Annadale Ave. Londonderry, NH 03053','2017-2-21','sad','2906183','3746541','Pseudophakia',6117.83,1418.0,2138.85,7856.82,2741.96,5435.77,7942.18);
INSERT INTO SURGERY VALUES ('2017-00039','2906183','CAT2018-035','Low vision','Banana error.','Stroke','Topical','47 Middle River Rd. Ravenna, OH 44266','2017-5-29','sad','5698376','9569042','Aphakia',8306.10,3724.76,8770.84,1794.85,3467.93,6643.26,3239.93);
INSERT INTO SURGERY VALUES ('2017-00038','6771840','CAT2016-000','Normal','I stepped on a Corn Flake, now Im a Cereal Killer','Stroke','General','989 Essex St. Chaska, MN 55318','2017-10-5','deadly','5248961','1152035','Pseudophakia',5230.54,5974.49,9098.54,8677.88,7298.40,6506.74,2830.11);
INSERT INTO SURGERY VALUES ('2017-00037','1152035','CAT2017-010','Low vision','Llamas eat sexy paper clips','Eye cancer','General','7645 Annadale Ave. Londonderry, NH 03053','2017-11-16','nice','6641984','1463606','Phakia',2672.3,2398.70,7032.33,6492.33,4979.40,355.51,5430.72);
INSERT INTO SURGERY VALUES ('2017-00036','6968688','CAT2017-007','Hign vision','What do you think about the magical yellow unicorn who dances on the rainbow with a spoonful of blue cheese dressing?','Stroke','Topical','873 East Pheasant Dr. Manahawkin, NJ 08050','2017-12-12','bad','5248961','1622973','Phakia',5573.39,1227.5,5723.37,5883.42,9360.47,6163.67,4555.68);
INSERT INTO SURGERY VALUES ('2017-00035','2551489','CAT2017-003','Hign vision','If your canoe is stuck in a tree with the headlights on, how many pancakes does it take to get to the moon?','Ischemic heart disease','Topical','9021 Snake Hill Street Marietta, GA 30008','2017-7-16','better','5388314','5049625','Aphakia',2452.26,316.97,6574.16,7110.67,1420.32,3553.54,2867.44);
INSERT INTO SURGERY VALUES ('2017-00034','5761623','CAT2017-012','Medium vision','I am so blue Im greener than purple.','Chronic obstructive pulmonary disease','Topical','8354 S. Walnutwood St. Brownsburg, IN 46112','2017-7-2','good','1622973','6771840','Pseudophakia',7101.64,8662.5,7433.38,7426.8,5604.43,2760.58,1179.52);
INSERT INTO SURGERY VALUES ('2017-00033','9569042','CAT2018-006','Low vision','Look, a distraction!','Ischemic heart disease','local','83 Tunnel St. Coatesville, PA 19320','2017-3-10','better','1675990','1875190','Phakia',576.32,3996.24,9986.22,2024.93,2987.40,8870.76,397.25);
INSERT INTO SURGERY VALUES ('2017-00032','9811999','CAT2016-003','Hign vision','The sparkly lamp ate a pillow then punched Larry.','Eye cancer','General','9157 Maiden Lane Ellicott City, MD 21042','2017-12-16','better','5388314','6771840','Phakia',3338.17,9687.29,1553.78,1625.77,196.14,4135.22,781.50);
INSERT INTO SURGERY VALUES ('2017-00031','5248961','CAT2016-039','Normal','Llamas eat sexy paper clips','Ischemic heart disease','local','852 Harvard Rd. Tupelo, MS 38801','2017-8-12','deadly','2985745','1836558','Phakia',3754.66,6102.45,5922.23,7243.24,2489.78,4172.76,7027.61);
INSERT INTO SURGERY VALUES ('2017-00030','2906183','CAT2018-041','Medium vision','I am so blue Im greener than purple.','Stroke','General','83 Tunnel St. Coatesville, PA 19320','2017-10-7','good','5049625','1221006','Phakia',3522.81,6895.51,4372.54,1010.66,7561.40,9893.94,5411.65);
INSERT INTO SURGERY VALUES ('2017-00029','1221006','CAT2016-005','No vision','On a scale from one to ten what is your favourite colour of the alphabet.','Ischemic heart disease','local','17 Beacon Drive Bethlehem, PA 18015','2017-7-3','sad','1221006','1332689','Phakia',9657.45,724.44,9118.20,9979.9,9726.50,7982.40,9177.15);
INSERT INTO SURGERY VALUES ('2017-00028','5388314','CAT2017-003','Normal','I am so blue Im greener than purple.','Ischemic heart disease','Topical','83 S. Dogwood Dr. Hilliard, OH 43026','2017-7-9','bad','1836558','6641984','Aphakia',9006.10,6065.95,7298.29,8353.14,1805.97,22.16,6593.45);
INSERT INTO SURGERY VALUES ('2017-00027','1622973','CAT2016-015','Hign vision','Look, a distraction!','Coronary artery disease','General','202 Mayfield St. Clemmons, NC 27012','2017-5-15','nice','1171695','5049625','Aphakia',1560.15,7378.40,9417.53,6515.60,647.93,587.29,6612.16);
INSERT INTO SURGERY VALUES ('2017-00026','1463606','CAT2016-008','Medium vision','The sparkly lamp ate a pillow then punched Larry.','Coronary artery disease','local','7214 Marsh St. Kernersville, NC 27284','2017-9-5','better','5426592','2906183','Aphakia',5690.76,658.19,4830.2,6493.9,5389.5,6417.44,348.92);
INSERT INTO SURGERY VALUES ('2017-00025','1675990','CAT2016-028','Medium vision','I am so blue Im greener than purple.','Ischemic heart disease','local','7645 Annadale Ave. Londonderry, NH 03053','2017-7-10','aww','2906183','1463606','Aphakia',4066.40,9390.79,5288.46,595.26,9121.31,6802.33,680.8);
INSERT INTO SURGERY VALUES ('2017-00024','1675990','CAT2017-034','Medium vision','I stepped on a Corn Flake, now Im a Cereal Killer','Diabetes mellitus','local','8354 S. Walnutwood St. Brownsburg, IN 46112','2017-1-15','deadly','5049625','5388314','Pseudophakia',5009.26,7528.9,8800.32,2398.75,7992.33,7984.36,3372.40);
INSERT INTO SURGERY VALUES ('2017-00023','6195597','CAT2018-031','Medium vision','Everyday a grape licks a friendly cow','Chronic obstructive pulmonary disease','General','240 Lincoln Street Rochester, NY 14606','2017-2-3','nice','1875190','7527564','Pseudophakia',4405.36,2584.51,7265.3,9181.52,1355.18,8231.46,5664.75);
INSERT INTO SURGERY VALUES ('2017-00022','5049625','CAT2016-018','Normal','The sparkly lamp ate a pillow then punched Larry.','Lower respiratory infection','Topical','637 Meadow Ave. Highland, IN 46322','2017-7-11','nice','2985745','5049625','Phakia',2769.97,782.22,8670.36,1917.75,2061.1,7502.62,3274.1);
INSERT INTO SURGERY VALUES ('2017-00021','8801706','CAT2017-015','Hign vision','I am so blue Im greener than purple.','Ischemic heart disease','General','800 Prospect Lane East Hartford, CT 06118','2017-8-1','aww','1221006','1622973','Aphakia',7343.33,3315.5,6141.73,5731.47,3896.32,5980.89,6262.49);
INSERT INTO SURGERY VALUES ('2017-00020','2551489','CAT2017-003','Normal','On a scale from one to ten what is your favourite colour of the alphabet.','Coronary artery disease','local','989 Essex St. Chaska, MN 55318','2017-7-18','sad','5248961','6771840','Aphakia',3388.74,2302.70,8193.64,950.38,4560.77,9991.83,1586.54);
INSERT INTO SURGERY VALUES ('2017-00019','5698376','CAT2017-031','Medium vision','If your canoe is stuck in a tree with the headlights on, how many pancakes does it take to get to the moon?','Ischemic heart disease','local','90 Beacon St. Buford, GA 30518','2017-9-19','bad','1171695','7527564','Pseudophakia',6755.27,9138.95,3574.92,9835.28,441.86,5592.73,3879.76);
INSERT INTO SURGERY VALUES ('2017-00018','1463606','CAT2016-016','Normal','On a scale from one to ten what is your favourite colour of the alphabet.','Alzheimers disease','Topical','800 Prospect Lane East Hartford, CT 06118','2017-1-23','deadly','1875190','2906183','Phakia',3413.61,6372.47,4406.31,3177.59,4661.46,7595.1,6497.50);
INSERT INTO SURGERY VALUES ('2017-00017','9569042','CAT2016-027','Hign vision','On a scale from one to ten what is your favourite colour of the alphabet.','Chronic obstructive pulmonary disease','local','306 Pilgrim Drive Collegeville, PA 19426','2017-9-21','good','6195597','6771840','Aphakia',2579.2,9051.59,9337.92,4363.51,8038.97,2211.36,8224.18);
INSERT INTO SURGERY VALUES ('2017-00016','1875190','CAT2017-024','Hign vision','What do you think about the magical yellow unicorn who dances on the rainbow with a spoonful of blue cheese dressing?','Ischemic heart disease','local','9021 Snake Hill Street Marietta, GA 30008','2017-9-17','better','2906183','2551489','Pseudophakia',2510.46,2449.37,650.85,1747.74,6883.76,8618.38,5607.56);
INSERT INTO SURGERY VALUES ('2017-00015','2906183','CAT2017-030','Low vision','The sparkly lamp ate a pillow then punched Larry.','Stroke','local','90 Beacon St. Buford, GA 30518','2017-4-17','bad','1463606','1652789','Phakia',1991.15,2647.55,8549.86,6652.89,8422.33,2391.38,2050.77);
INSERT INTO SURGERY VALUES ('2017-00014','2551489','CAT2016-004','Low vision','I am so blue Im greener than purple.','Chronic obstructive pulmonary disease','local','40 Jackson St. Riverview, FL 33569','2017-11-12','good','9811999','2551489','Aphakia',448.1,9190.12,8300.45,8025.59,9090.35,297.73,2454.62);
INSERT INTO SURGERY VALUES ('2017-00013','1875190','CAT2017-027','Hign vision','Look, a distraction!','Ischemic heart disease','Topical','989 Essex St. Chaska, MN 55318','2017-1-22','bad','5761623','6195597','Aphakia',9908.4,2400.5,9977.91,4890.95,1906.18,9568.30,2017.13);
INSERT INTO SURGERY VALUES ('2017-00012','7527564','CAT2016-009','Hign vision','If your canoe is stuck in a tree with the headlights on, how many pancakes does it take to get to the moon?','Diabetes mellitus','Topical','743 Van Dyke Ave. Shakopee, MN 55379','2017-4-7','nice','7612308','1171695','Aphakia',1491.88,4900.75,5758.42,1774.46,8653.43,6043.77,497.15);
INSERT INTO SURGERY VALUES ('2017-00011','1332689','CAT2016-013','No vision','What do you think about the magical yellow unicorn who dances on the rainbow with a spoonful of blue cheese dressing?','Ischemic heart disease','General','4 North Olive Dr. Charleston, SC 29406','2017-10-23','deadly','8801706','1836558','Phakia',8774.71,9377.6,4361.81,1234.18,438.39,6060.58,5888.54);
INSERT INTO SURGERY VALUES ('2017-00010','5698376','CAT2017-010','No vision','What do you think about the magical yellow unicorn who dances on the rainbow with a spoonful of blue cheese dressing?','Coronary artery disease','General','412 N. Trusel Ave. Highland Park, IL 60035','2017-7-13','good','2906183','5698376','Pseudophakia',2129.9,2450.25,7428.61,2503.6,9424.86,4872.17,4221.94);
INSERT INTO SURGERY VALUES ('2017-00009','1836558','CAT2018-015','Hign vision','I stepped on a Corn Flake, now Im a Cereal Killer','Lower respiratory infection','General','4 North Olive Dr. Charleston, SC 29406','2017-2-3','bad','6771840','7612308','Pseudophakia',679.79,7464.32,2633.34,9106.50,5471.63,2940.4,8167.0);
INSERT INTO SURGERY VALUES ('2017-00008','1152035','CAT2017-020','Low vision','What do you think about the magical yellow unicorn who dances on the rainbow with a spoonful of blue cheese dressing?','Ischemic heart disease','Topical','90 Beacon St. Buford, GA 30518','2017-4-23','sad','6771840','5248961','Aphakia',8631.9,5510.96,8835.55,8718.84,1146.27,7034.96,4483.16);
INSERT INTO SURGERY VALUES ('2017-00007','5761623','CAT2017-016','Hign vision','Look, a distraction!','Chronic obstructive pulmonary disease','local','784 Sheffield Ave. Brooklyn, NY 11201','2017-5-5','good','9879858','1152035','Pseudophakia',5060.96,4551.53,7312.66,8444.97,189.83,9168.53,5981.29);
INSERT INTO SURGERY VALUES ('2017-00006','1332689','CAT2018-035','Low vision','On a scale from one to ten what is your favourite colour of the alphabet.','Stroke','Topical','9061 Creek St. Oshkosh, WI 54901','2017-12-5','good','1875190','6195597','Pseudophakia',6003.50,4682.11,3986.33,3451.90,5340.62,3482.36,747.50);
INSERT INTO SURGERY VALUES ('2017-00005','5698376','CAT2017-023','Low vision','What do you think about the magical yellow unicorn who dances on the rainbow with a spoonful of blue cheese dressing?','Diabetes mellitus','Topical','4 North Olive Dr. Charleston, SC 29406','2017-7-31','bad','1171695','1463606','Pseudophakia',222.50,9502.31,6181.61,5619.76,9090.83,4511.11,7293.3);
INSERT INTO SURGERY VALUES ('2017-00004','7612308','CAT2017-034','Hign vision','Look, a distraction!','Eye cancer','General','83 Wayne St. Winter Springs, FL 32708','2017-6-23','good','1875190','1221006','Pseudophakia',1591.70,7673.21,3500.81,5916.62,3063.8,5350.73,6498.97);
INSERT INTO SURGERY VALUES ('2017-00003','6968688','CAT2016-008','Medium vision','I am so blue Im greener than purple.','Chronic obstructive pulmonary disease','Topical','25 Oak Meadow St Glendale Heights, IL 60139','2017-4-7','nice','1171695','1675990','Pseudophakia',4983.42,4850.0,4005.36,1948.18,3520.66,5244.48,1957.60);
INSERT INTO SURGERY VALUES ('2017-00002','7527564','CAT2018-014','No vision','Look, a distraction!','Stroke','General','240 Lincoln Street Rochester, NY 14606','2017-3-27','deadly','5049625','1332689','Aphakia',6980.94,7919.18,1132.67,5309.38,5569.26,6830.97,2436.80);
INSERT INTO SURGERY VALUES ('2017-00001','6771840','CAT2018-004','Hign vision','Banana error.','Diabetes mellitus','General','89 Lees Creek Road Hopkinsville, KY 42240','2017-6-24','good','8801706','1332689','Pseudophakia',4048.22,9017.98,9211.27,2254.62,191.40,2417.15,6194.43);
INSERT INTO SURGERY VALUES ('2017-00000','1875190','CAT2016-002','Normal','I am so blue Im greener than purple.','Diabetes mellitus','local','240 Lincoln Street Rochester, NY 14606','2017-2-20','aww','5698376','5049625','Pseudophakia',5518.36,332.70,7503.90,9984.3,1409.62,354.47,9042.54);
INSERT INTO SURGERY VALUES ('2016-00041','1875190','CAT2018-008','Low vision','Llamas eat sexy paper clips','Alzheimers disease','Topical','48 W. Shipley St. Downingtown, PA 19335','2017-8-13','sad','1152035','5388314','Pseudophakia',7715.85,8707.82,4217.42,3678.93,8870.12,4243.0,7367.28);
INSERT INTO SURGERY VALUES ('2016-00040','5049625','CAT2016-006','No vision','I stepped on a Corn Flake, now Im a Cereal Killer','Lower respiratory infection','local','53 Greenview Street South Plainfield, NJ 07080','2017-10-31','deadly','1675990','6641984','Aphakia',2198.18,5302.36,7751.89,4787.18,6692.30,1439.25,7397.14);
INSERT INTO SURGERY VALUES ('2016-00039','1875190','CAT2018-013','Normal','If your canoe is stuck in a tree with the headlights on, how many pancakes does it take to get to the moon?','Chronic obstructive pulmonary disease','General','8625 Bellevue Ave. Canal Winchester, OH 43110','2017-12-10','deadly','7527564','1652789','Phakia',1056.65,2730.61,433.71,5649.22,9250.19,8080.60,4396.88);
INSERT INTO SURGERY VALUES ('2016-00038','1836558','CAT2017-037','Medium vision','I am so blue Im greener than purple.','Coronary artery disease','local','39 Catherine Street Pataskala, OH 43062','2017-9-14','better','5761623','1622973','Pseudophakia',5369.67,338.47,5913.64,3811.92,113.87,883.73,4904.9);
INSERT INTO SURGERY VALUES ('2016-00037','2551489','CAT2017-016','Hign vision','What do you think about the magical yellow unicorn who dances on the rainbow with a spoonful of blue cheese dressing?','Stroke','Topical','9157 Maiden Lane Ellicott City, MD 21042','2017-3-20','bad','9811999','1875190','Phakia',6294.24,7889.33,4755.19,2205.57,7409.9,4009.88,3019.52);
INSERT INTO SURGERY VALUES ('2016-00036','6968688','CAT2018-002','Hign vision','Everyday a grape licks a friendly cow','Ischemic heart disease','General','83 S. Dogwood Dr. Hilliard, OH 43026','2017-12-20','bad','5248961','1463606','Pseudophakia',5421.20,9834.71,3857.82,8766.7,183.82,5220.88,4044.35);
INSERT INTO SURGERY VALUES ('2016-00035','6968688','CAT2016-026','Hign vision','I stepped on a Corn Flake, now Im a Cereal Killer','Diabetes mellitus','local','7696 Arnold Dr. Richardson, TX 75080','2017-8-10','better','1221006','9811999','Phakia',3028.28,1301.21,2732.16,9139.9,7996.78,7170.83,3707.92);
INSERT INTO SURGERY VALUES ('2016-00034','7527564','CAT2018-025','Normal','I am so blue Im greener than purple.','Eye cancer','local','412 N. Trusel Ave. Highland Park, IL 60035','2017-2-18','nice','1652789','5426592','Phakia',9911.57,6058.49,6672.27,1732.63,964.31,8613.19,126.91);
INSERT INTO SURGERY VALUES ('2016-00033','6968688','CAT2016-013','Medium vision','On a scale from one to ten what is your favourite colour of the alphabet.','Lower respiratory infection','General','47 Middle River Rd. Ravenna, OH 44266','2017-11-26','sad','3746541','5698376','Pseudophakia',644.37,8747.27,2835.93,3518.23,7976.0,1518.32,3036.92);
INSERT INTO SURGERY VALUES ('2016-00032','1652789','CAT2016-000','Low vision','Look, a distraction!','Lower respiratory infection','General','48 W. Shipley St. Downingtown, PA 19335','2017-11-6','good','6771840','6771840','Pseudophakia',5.13,5330.67,5347.96,1036.83,7233.69,6404.94,8836.61);
INSERT INTO SURGERY VALUES ('2016-00031','5388314','CAT2018-039','Low vision','What do you think about the magical yellow unicorn who dances on the rainbow with a spoonful of blue cheese dressing?','Diabetes mellitus','Topical','9195 S. Rockledge Street Spring Hill, FL 34608','2017-10-5','sad','5388314','3746541','Phakia',2826.23,6885.7,762.69,9842.71,274.9,5717.59,1433.80);
INSERT INTO SURGERY VALUES ('2016-00030','1332689','CAT2018-029','Medium vision','I stepped on a Corn Flake, now Im a Cereal Killer','Stroke','local','9061 Creek St. Oshkosh, WI 54901','2017-11-2','deadly','5761623','7527564','Pseudophakia',5217.84,7666.88,4062.20,6968.23,609.81,8856.90,3213.23);
INSERT INTO SURGERY VALUES ('2016-00029','6968688','CAT2017-013','Hign vision','I stepped on a Corn Flake, now Im a Cereal Killer','Diabetes mellitus','local','7214 Marsh St. Kernersville, NC 27284','2017-6-26','nice','6641984','1171695','Pseudophakia',7460.24,1532.16,3961.23,4929.97,7250.17,1564.87,3639.98);
INSERT INTO SURGERY VALUES ('2016-00028','1875190','CAT2016-026','Low vision','On a scale from one to ten what is your favourite colour of the alphabet.','Chronic obstructive pulmonary disease','local','7568 N. Hanover St. Howell, NJ 07731','2017-12-23','bad','6195597','9811999','Aphakia',1614.10,6769.37,2.83,2102.8,9985.25,1682.65,3507.17);
INSERT INTO SURGERY VALUES ('2016-00027','9879858','CAT2018-037','Normal','The sparkly lamp ate a pillow then punched Larry.','Ischemic heart disease','General','240 Lincoln Street Rochester, NY 14606','2017-5-1','good','1221006','6771840','Pseudophakia',3034.34,2245.48,5336.92,7634.72,7338.12,2306.86,8197.7);
INSERT INTO SURGERY VALUES ('2016-00026','1463606','CAT2017-009','Low vision','Look, a distraction!','Chronic obstructive pulmonary disease','General','9061 Creek St. Oshkosh, WI 54901','2017-1-5','bad','1463606','9879858','Aphakia',6696.78,3054.70,2313.22,6539.19,1127.94,1517.54,8074.59);
INSERT INTO SURGERY VALUES ('2016-00025','7612308','CAT2016-000','Normal','The sparkly lamp ate a pillow then punched Larry.','Chronic obstructive pulmonary disease','Topical','9762 N. East St. North Bergen, NJ 07047','2017-7-6','sad','1221006','5049625','Phakia',5869.56,9758.60,4355.91,6314.94,4374.52,5951.51,3388.65);
INSERT INTO SURGERY VALUES ('2016-00024','5698376','CAT2017-023','Low vision','I am so blue Im greener than purple.','Chronic obstructive pulmonary disease','General','90 Beacon St. Buford, GA 30518','2017-11-7','aww','9879858','1463606','Phakia',7078.47,583.99,5751.15,8311.78,4325.37,463.62,4671.22);
INSERT INTO SURGERY VALUES ('2016-00023','2985745','CAT2017-032','Low vision','What do you think about the magical yellow unicorn who dances on the rainbow with a spoonful of blue cheese dressing?','Lower respiratory infection','local','5 Arcadia Street Lake Mary, FL 32746','2017-3-12','sad','1836558','5248961','Pseudophakia',1945.82,895.21,2309.16,3253.94,2363.69,981.90,8414.57);
INSERT INTO SURGERY VALUES ('2016-00022','2985745','CAT2016-008','Medium vision','Banana error.','Alzheimers disease','General','296 Glen Eagles Court Wake Forest, NC 27587','2017-9-30','bad','1152035','5248961','Aphakia',6313.58,9792.19,3464.78,4454.84,436.13,8519.26,844.31);
INSERT INTO SURGERY VALUES ('2016-00021','1675990','CAT2017-003','Medium vision','Look, a distraction!','Chronic obstructive pulmonary disease','Topical','83 Tunnel St. Coatesville, PA 19320','2017-8-22','sad','6771840','5761623','Pseudophakia',6868.20,5722.72,4512.1,587.64,6842.78,96.93,6696.91);
INSERT INTO SURGERY VALUES ('2016-00020','2985745','CAT2016-035','Low vision','I am so blue Im greener than purple.','Diabetes mellitus','General','89 Lees Creek Road Hopkinsville, KY 42240','2017-9-12','aww','1463606','1652789','Pseudophakia',9819.41,2233.47,6678.22,4874.41,299.38,7838.7,6833.58);
INSERT INTO SURGERY VALUES ('2016-00019','6771840','CAT2017-011','Hign vision','Banana error.','Eye cancer','Topical','91 East Longfellow St. Saint Cloud, MN 56301','2017-2-16','nice','5698376','9569042','Aphakia',254.19,8637.47,272.55,2892.20,2139.98,2488.85,8737.9);
INSERT INTO SURGERY VALUES ('2016-00018','5248961','CAT2016-029','Medium vision','On a scale from one to ten what is your favourite colour of the alphabet.','Stroke','Topical','9157 Maiden Lane Ellicott City, MD 21042','2017-6-7','better','1171695','5426592','Aphakia',4050.21,8954.15,8914.8,8227.67,1304.44,2728.45,6698.40);
INSERT INTO SURGERY VALUES ('2016-00017','9569042','CAT2017-037','Medium vision','Llamas eat sexy paper clips','Ischemic heart disease','General','9157 Maiden Lane Ellicott City, MD 21042','2017-8-1','sad','5248961','6641984','Aphakia',7793.75,8221.65,973.73,1894.6,1092.24,6075.30,6938.3);
INSERT INTO SURGERY VALUES ('2016-00016','1675990','CAT2017-040','Normal','If your canoe is stuck in a tree with the headlights on, how many pancakes does it take to get to the moon?','Stroke','Topical','8113 S. Augusta Court York, PA 17402','2017-6-5','bad','8801706','5248961','Aphakia',7549.65,5784.87,6871.43,7753.74,531.42,9811.55,5965.81);
INSERT INTO SURGERY VALUES ('2016-00015','6968688','CAT2016-019','Hign vision','Llamas eat sexy paper clips','Lower respiratory infection','local','412 N. Trusel Ave. Highland Park, IL 60035','2017-4-15','nice','1152035','2906183','Aphakia',2896.93,1931.33,5479.87,1292.31,1298.37,581.99,1038.97);
INSERT INTO SURGERY VALUES ('2016-00014','9879858','CAT2017-022','Normal','I am so blue Im greener than purple.','Alzheimers disease','local','468 Heather St. Suite 5 Desoto, TX 75115','2017-11-5','bad','5698376','1463606','Pseudophakia',4451.9,4607.67,6652.50,3167.61,3456.99,5028.90,4809.5);
INSERT INTO SURGERY VALUES ('2016-00013','6771840','CAT2016-033','Hign vision','I am so blue Im greener than purple.','Stroke','General','7214 Marsh St. Kernersville, NC 27284','2017-4-29','nice','1332689','6641984','Pseudophakia',3721.58,2257.7,8842.56,94.62,1468.98,6217.71,6097.7);
INSERT INTO SURGERY VALUES ('2016-00012','2985745','CAT2016-007','Low vision','The sparkly lamp ate a pillow then punched Larry.','Chronic obstructive pulmonary disease','Topical','9061 Creek St. Oshkosh, WI 54901','2017-3-5','sad','7527564','5388314','Pseudophakia',9960.67,9687.84,7441.87,9679.49,8251.83,4830.33,1034.59);
INSERT INTO SURGERY VALUES ('2016-00011','9811999','CAT2017-008','Medium vision','Look, a distraction!','Stroke','General','25 Oak Meadow St Glendale Heights, IL 60139','2017-6-6','nice','1836558','6771840','Aphakia',9013.1,3010.1,4057.73,7286.7,4980.63,3287.16,7923.23);
INSERT INTO SURGERY VALUES ('2016-00010','2906183','CAT2017-004','Hign vision','I stepped on a Corn Flake, now Im a Cereal Killer','Diabetes mellitus','General','7568 N. Hanover St. Howell, NJ 07731','2017-2-19','good','9569042','5426592','Aphakia',5017.16,977.72,590.45,1314.28,7563.46,3676.29,562.17);
INSERT INTO SURGERY VALUES ('2016-00009','1463606','CAT2016-033','Normal','Llamas eat sexy paper clips','Diabetes mellitus','Topical','8906 North Drive Astoria, NY 11102','2017-9-27','good','3746541','9811999','Phakia',9476.5,4303.27,9141.7,8870.4,4135.80,5654.32,2348.6);
INSERT INTO SURGERY VALUES ('2016-00008','1675990','CAT2016-008','Normal','I am so blue Im greener than purple.','Chronic obstructive pulmonary disease','local','47 Middle River Rd. Ravenna, OH 44266','2017-12-14','sad','2906183','1221006','Pseudophakia',5325.63,6969.89,553.63,1190.55,5329.71,6580.18,9967.76);
INSERT INTO SURGERY VALUES ('2016-00007','1221006','CAT2018-009','Low vision','On a scale from one to ten what is your favourite colour of the alphabet.','Stroke','General','194 Marlborough Drive Georgetown, SC 29440','2017-8-27','good','2906183','6641984','Pseudophakia',163.80,2590.99,8981.80,5885.14,8730.23,8056.30,2990.66);
INSERT INTO SURGERY VALUES ('2016-00006','5248961','CAT2016-002','Medium vision','I am so blue Im greener than purple.','Ischemic heart disease','Topical','7214 Marsh St. Kernersville, NC 27284','2017-5-26','sad','5388314','6968688','Pseudophakia',6164.20,9667.94,5918.42,8759.11,8887.78,6852.96,7034.62);
INSERT INTO SURGERY VALUES ('2016-00005','6641984','CAT2018-038','No vision','Banana error.','Ischemic heart disease','General','9588 Rockaway Lane Yuma, AZ 85365','2017-8-10','bad','6771840','9811999','Aphakia',3256.97,2994.17,2396.66,1776.71,8620.32,7867.81,2600.1);
INSERT INTO SURGERY VALUES ('2016-00004','9879858','CAT2018-039','Normal','On a scale from one to ten what is your favourite colour of the alphabet.','Ischemic heart disease','Topical','7677 Smoky Hollow Avenue Annapolis, MD 21401','2017-3-20','nice','2985745','5761623','Aphakia',2569.2,6656.68,7781.59,5545.93,3619.34,2661.15,67.54);
INSERT INTO SURGERY VALUES ('2016-00003','2985745','CAT2017-015','Normal','If your canoe is stuck in a tree with the headlights on, how many pancakes does it take to get to the moon?','Eye cancer','General','5 Arcadia Street Lake Mary, FL 32746','2017-6-6','good','1875190','9569042','Pseudophakia',2130.18,7048.35,3432.5,2547.43,6040.39,4420.32,2015.40);
INSERT INTO SURGERY VALUES ('2016-00002','6195597','CAT2018-039','Low vision','Llamas eat sexy paper clips','Diabetes mellitus','local','7214 Marsh St. Kernersville, NC 27284','2017-4-17','deadly','1152035','5049625','Phakia',1442.77,7928.22,7538.34,5690.34,4707.43,828.23,3991.74);
INSERT INTO SURGERY VALUES ('2016-00001','7612308','CAT2018-036','Low vision','Llamas eat sexy paper clips','Stroke','Topical','7677 Smoky Hollow Avenue Annapolis, MD 21401','2017-3-5','sad','5761623','1221006','Phakia',7371.6,486.94,4638.33,9855.22,4434.33,4275.3,7556.81);
INSERT INTO SURGERY VALUES ('2016-00000','1622973','CAT2017-011','Medium vision','On a scale from one to ten what is your favourite colour of the alphabet.','Coronary artery disease','local','9195 S. Rockledge Street Spring Hill, FL 34608','2017-2-11','sad','6641984','5698376','Aphakia',1580.96,7678.92,6542.39,4690.83,5729.25,4326.87,1211.9);
