INSERT INTO PATIENT VALUES (null,'Alison','Hopkins','G');
INSERT INTO PATIENT VALUES (null,'Susie','Baldwin','P');
INSERT INTO PATIENT VALUES (null,'Hammond','Trevor','U');
INSERT INTO PATIENT VALUES (null,'Dwayne','Larson','I');
INSERT INTO PATIENT VALUES (null,'Mclaughlin','Dwight','O');
INSERT INTO PATIENT VALUES (null,'Debbie','Todd','V');
INSERT INTO PATIENT VALUES (null,'Stevenson','Beatrice','V');
INSERT INTO PATIENT VALUES (null,'Sabrina','Kayla','B');
INSERT INTO PATIENT VALUES (null,'Leigh','Medina','I');
INSERT INTO PATIENT VALUES (null,'Alison','Reeves','X');
INSERT INTO PATIENT VALUES (null,'Hopkins','Guzman','Q');
INSERT INTO PATIENT VALUES (null,'Candace','Todd','X');
INSERT INTO PATIENT VALUES (null,'Alvarado','Julian','F');
INSERT INTO PATIENT VALUES (null,'Shelton','Quinn','A');
INSERT INTO PATIENT VALUES (null,'Arnold','Jeffery','M');
INSERT INTO PATIENT VALUES (null,'Guerrero','Floyd','X');
INSERT INTO PATIENT VALUES (null,'Martin','Garcia','Z');
INSERT INTO PATIENT VALUES (null,'Hogan','Alison','W');
INSERT INTO PATIENT VALUES (null,'Sandoval','Stella','T');
INSERT INTO PATIENT VALUES (null,'Mclaughlin','Juan','Z');
INSERT INTO PATIENT VALUES (null,'Francis','Garcia','T');
INSERT INTO PATIENT VALUES (null,'Hogan','Quinn','U');
INSERT INTO PATIENT VALUES (null,'Medina','Hogan','S');
INSERT INTO PATIENT VALUES (null,'Todd','Thompson','C');
INSERT INTO PATIENT VALUES (null,'Christie','Sandoval','D');
INSERT INTO PATIENT VALUES (null,'Zachary','Wood','G');
INSERT INTO PATIENT VALUES (null,'Christie','Brock','R');
INSERT INTO PATIENT VALUES (null,'Leigh','Hamilton','G');
INSERT INTO PATIENT VALUES (null,'Hogan','Larson','G');
INSERT INTO PATIENT VALUES (null,'Mclaughlin','Lamar','P');
INSERT INTO PATIENT VALUES (null,'Cummings','Danny','J');
INSERT INTO PATIENT VALUES (null,'Trevor','Lena','J');
INSERT INTO PATIENT VALUES (null,'Trevor','Bush','I');
INSERT INTO PATIENT VALUES (null,'Sandoval','Rice','A');
INSERT INTO PATIENT VALUES (null,'Mclaughlin','Cunningham','R');
INSERT INTO PATIENT VALUES (null,'Lyons','Guerrero','L');
INSERT INTO PATIENT VALUES (null,'Angelina','Francis','I');
INSERT INTO PATIENT VALUES (null,'Susie','Medina','X');
INSERT INTO PATIENT VALUES (null,'Angelina','Brent','P');
INSERT INTO PATIENT VALUES (null,'Baldwin','Debbie','Y');
INSERT INTO PATIENT VALUES (null,'Floyd','Olga','I');
INSERT INTO PATIENT VALUES (null,'Gregory','Brandi','N');
INSERT INTO PATIENT VALUES (null,'Angelina','Weber','Z');
INSERT INTO PATIENT VALUES (null,'Camille','Beatrice','Q');
INSERT INTO PATIENT VALUES (null,'Mclaughlin','Daniels','S');
INSERT INTO PATIENT VALUES (null,'Dwight','Debbie','E');
INSERT INTO PATIENT VALUES (null,'Jason','Bush','N');
INSERT INTO PATIENT VALUES (null,'Brandy','Zachary','W');
INSERT INTO PATIENT VALUES (null,'Julian','Todd','Q');
INSERT INTO PATIENT VALUES (null,'Stevenson','Javier','L');
INSERT INTO PATIENT VALUES (null,'Sandoval','Love','G');
INSERT INTO PATIENT VALUES (null,'Sandoval','Hicks','X');
INSERT INTO PATIENT VALUES (null,'Latoya','Kelley','C');
INSERT INTO PATIENT VALUES (null,'Stella','Rosemary','K');
INSERT INTO PATIENT VALUES (null,'Medina','Irene','U');
INSERT INTO PATIENT VALUES (null,'Angelina','Derek','C');
INSERT INTO PATIENT VALUES (null,'Leah','Riley','K');
INSERT INTO PATIENT VALUES (null,'Hopkins','Bell','B');
INSERT INTO PATIENT VALUES (null,'Angelina','Bush','Y');
INSERT INTO PATIENT VALUES (null,'Douglas','Jackie','R');
INSERT INTO PATIENT VALUES (null,'Gross','Dwayne','D');
INSERT INTO PATIENT VALUES (null,'Weber','Debbie','P');
INSERT INTO PATIENT VALUES (null,'Medina','Love','M');
INSERT INTO PATIENT VALUES (null,'Hammond','Angelina','U');
INSERT INTO PATIENT VALUES (null,'Cummings','Simpson','T');
INSERT INTO PATIENT VALUES (null,'Mitchell','Floyd','W');
INSERT INTO PATIENT VALUES (null,'Larson','Olga','H');
INSERT INTO PATIENT VALUES (null,'Weber','Candace','F');
INSERT INTO PATIENT VALUES (null,'Christie','Julius','G');
INSERT INTO PATIENT VALUES (null,'Ortiz','Jeffery','D');
INSERT INTO PATIENT VALUES (null,'Bush','Rosa','V');
INSERT INTO PATIENT VALUES (null,'Lena','Irene','M');
INSERT INTO PATIENT VALUES (null,'Cunningham','Beatrice','X');
INSERT INTO PATIENT VALUES (null,'Simpson','Faith','S');
INSERT INTO PATIENT VALUES (null,'Ricky','Chad','L');
INSERT INTO PATIENT VALUES (null,'Baldwin','Hopkins','U');
INSERT INTO PATIENT VALUES (null,'Walter','Stevenson','Y');
INSERT INTO PATIENT VALUES (null,'Love','Juan','M');
INSERT INTO PATIENT VALUES (null,'Chad','Nathaniel','K');
INSERT INTO PATIENT VALUES (null,'Lena','Leigh','K');
INSERT INTO PATIENT VALUES (null,'Underwood','Daniels','O');
INSERT INTO PATIENT VALUES (null,'Gross','Mitchell','X');
INSERT INTO PATIENT VALUES (null,'Arnold','Lyons','N');
INSERT INTO PATIENT VALUES (null,'Cunningham','Kelley','Y');
INSERT INTO PATIENT VALUES (null,'Shelton','Quinn','E');
INSERT INTO PATIENT VALUES (null,'Larson','Gilbert','Q');
INSERT INTO PATIENT VALUES (null,'Rosa','Leigh','C');
INSERT INTO PATIENT VALUES (null,'Bell','Angelina','E');
INSERT INTO PATIENT VALUES (null,'Susie','Brandy','L');
INSERT INTO PATIENT VALUES (null,'Beatrice','Rice','D');
INSERT INTO PATIENT VALUES (null,'Lena','Kayla','G');
INSERT INTO PATIENT VALUES (null,'Danielle','Bush','M');
INSERT INTO PATIENT VALUES (null,'Ortiz','Candace','V');
INSERT INTO PATIENT VALUES (null,'Francis','Alison','I');
INSERT INTO PATIENT VALUES (null,'Candace','Dwight','P');
INSERT INTO PATIENT VALUES (null,'Eddie','Dwayne','C');
INSERT INTO PATIENT VALUES (null,'Hamilton','Estelle','Q');
INSERT INTO PATIENT VALUES (null,'Chad','Bennie','J');
INSERT INTO PATIENT VALUES (null,'Kelley','Bennie','A');
INSERT INTO PATIENT VALUES (null,'Javier','Guzman','T');
INSERT INTO PATIENT VALUES (null,'Trevor','Brock','H');
INSERT INTO PATIENT VALUES (null,'Simpson','Gross','T');
INSERT INTO PATIENT VALUES (null,'Hammond','Ortiz','D');
INSERT INTO PATIENT VALUES (null,'Guzman','Jeffery','F');
INSERT INTO PATIENT VALUES (null,'Leah','Stella','M');
INSERT INTO PATIENT VALUES (null,'Julian','Derek','D');
INSERT INTO PATIENT VALUES (null,'Julian','Bryan','U');
INSERT INTO PATIENT VALUES (null,'Daniels','Cunningham','E');
INSERT INTO PATIENT VALUES (null,'Love','Trevor','P');
INSERT INTO PATIENT VALUES (null,'Underwood','Martin','P');
INSERT INTO PATIENT VALUES (null,'Love','Alvarado','O');
INSERT INTO PATIENT VALUES (null,'Bailey','Hicks','W');
INSERT INTO PATIENT VALUES (null,'Faith','Julius','Q');
INSERT INTO PATIENT VALUES (null,'Nathaniel','Cummings','U');
INSERT INTO PATIENT VALUES (null,'Lamar','Hicks','S');
INSERT INTO PATIENT VALUES (null,'Thompson','Wendy','V');
INSERT INTO PATIENT VALUES (null,'Sandoval','Bailey','P');
INSERT INTO PATIENT VALUES (null,'Sandoval','Nathaniel','Q');
INSERT INTO PATIENT VALUES (null,'Guzman','Bush','L');
INSERT INTO PATIENT VALUES (null,'Brent','Cummings','Q');
INSERT INTO PATIENT VALUES (null,'Stella','Garcia','V');
INSERT INTO PATIENT VALUES (null,'Baldwin','Arnold','N');
INSERT INTO PATIENT VALUES (null,'Stevenson','Douglas','U');
INSERT INTO PATIENT VALUES (null,'Thompson','Hammond','Q');
INSERT INTO PATIENT VALUES (null,'Kayla','Alvarado','S');
INSERT INTO PATIENT VALUES (null,'Julius','Danielle','X');
INSERT INTO PATIENT VALUES (null,'Kayla','Christie','F');
INSERT INTO PATIENT VALUES (null,'Debbie','Brent','K');
INSERT INTO PATIENT VALUES (null,'Stella','Christie','M');
INSERT INTO PATIENT VALUES (null,'Garcia','Hamilton','H');
INSERT INTO PATIENT VALUES (null,'Angelina','Garcia','F');
INSERT INTO PATIENT VALUES (null,'Wendy','Stevenson','G');
INSERT INTO PATIENT VALUES (null,'Riley','Angelina','C');
INSERT INTO PATIENT VALUES (null,'Walter','Lyons','Y');
INSERT INTO PATIENT VALUES (null,'Chad','Bryan','M');
INSERT INTO PATIENT VALUES (null,'Chad','Kelley','C');
INSERT INTO PATIENT VALUES (null,'Guzman','Cunningham','P');
INSERT INTO PATIENT VALUES (null,'Hogan','Sandoval','Z');
INSERT INTO PATIENT VALUES (null,'Faith','Danny','G');
INSERT INTO PATIENT VALUES (null,'Martin','Hicks','J');
INSERT INTO PATIENT VALUES (null,'Susie','Danielle','Z');
INSERT INTO PATIENT VALUES (null,'Riley','Angelina','F');
INSERT INTO PATIENT VALUES (null,'Alison','Hopkins','I');
INSERT INTO PATIENT VALUES (null,'Sandoval','Rice','Q');
INSERT INTO PATIENT VALUES (null,'Hopkins','Guzman','O');
INSERT INTO PATIENT VALUES (null,'Kelley','Bennie','Z');
INSERT INTO PATIENT VALUES (null,'Lena','Leigh','L');
INSERT INTO PATIENT VALUES (null,'Sandoval','Bailey','O');
INSERT INTO PATIENT VALUES (null,'Danielle','Bush','O');
INSERT INTO PATIENT VALUES (null,'Dwight','Debbie','Q');
INSERT INTO PATIENT VALUES (null,'Wendy','Stevenson','Z');
INSERT INTO PATIENT VALUES (null,'Hammond','Angelina','C');
INSERT INTO PATIENT VALUES (null,'Bailey','Hicks','Z');
INSERT INTO PATIENT VALUES (null,'Leah','Riley','U');
INSERT INTO PATIENT VALUES (null,'Thompson','Hammond','A');
INSERT INTO PATIENT VALUES (null,'Chad','Nathaniel','R');
INSERT INTO PATIENT VALUES (null,'Debbie','Todd','N');
INSERT INTO PATIENT VALUES (null,'Mclaughlin','Cunningham','K');
INSERT INTO PATIENT VALUES (null,'Mitchell','Floyd','G');
INSERT INTO PATIENT VALUES (null,'Stella','Christie','G');
INSERT INTO PATIENT VALUES (null,'Brandy','Zachary','G');
INSERT INTO PATIENT VALUES (null,'Underwood','Daniels','U');
INSERT INTO PATIENT VALUES (null,'Angelina','Brent','X');
INSERT INTO PATIENT VALUES (null,'Martin','Hicks','D');
INSERT INTO PATIENT VALUES (null,'Shelton','Quinn','F');
INSERT INTO PATIENT VALUES (null,'Baldwin','Arnold','S');
INSERT INTO PATIENT VALUES (null,'Baldwin','Hopkins','M');
INSERT INTO PATIENT VALUES (null,'Francis','Garcia','U');
INSERT INTO PATIENT VALUES (null,'Angelina','Bush','J');
INSERT INTO PATIENT VALUES (null,'Lyons','Guerrero','G');
INSERT INTO PATIENT VALUES (null,'Brent','Cummings','B');
INSERT INTO PATIENT VALUES (null,'Leah','Stella','G');
INSERT INTO PATIENT VALUES (null,'Cunningham','Kelley','J');
INSERT INTO PATIENT VALUES (null,'Kayla','Alvarado','I');
INSERT INTO PATIENT VALUES (null,'Weber','Candace','K');
INSERT INTO PATIENT VALUES (null,'Simpson','Faith','R');
INSERT INTO PATIENT VALUES (null,'Alvarado','Julian','D');
INSERT INTO PATIENT VALUES (null,'Chad','Kelley','N');
INSERT INTO PATIENT VALUES (null,'Lena','Kayla','S');
INSERT INTO PATIENT VALUES (null,'Sabrina','Kayla','C');
INSERT INTO PATIENT VALUES (null,'Leigh','Medina','B');
INSERT INTO PATIENT VALUES (null,'Julian','Derek','W');
INSERT INTO PATIENT VALUES (null,'Stevenson','Douglas','S');
INSERT INTO PATIENT VALUES (null,'Julian','Bryan','N');
INSERT INTO PATIENT VALUES (null,'Debbie','Brent','P');
INSERT INTO PATIENT VALUES (null,'Julian','Todd','S');
INSERT INTO PATIENT VALUES (null,'Beatrice','Rice','F');
INSERT INTO PATIENT VALUES (null,'Kayla','Christie','G');
INSERT INTO PATIENT VALUES (null,'Angelina','Derek','P');
INSERT INTO PATIENT VALUES (null,'Daniels','Cunningham','I');
INSERT INTO PATIENT VALUES (null,'Love','Trevor','S');
INSERT INTO PATIENT VALUES (null,'Simpson','Gross','B');
INSERT INTO PATIENT VALUES (null,'Hammond','Trevor','Q');
INSERT INTO PATIENT VALUES (null,'Rosa','Leigh','B');
INSERT INTO PATIENT VALUES (null,'Sandoval','Stella','J');
INSERT INTO PATIENT VALUES (null,'Stella','Rosemary','P');
INSERT INTO PATIENT VALUES (null,'Angelina','Weber','N');
INSERT INTO PATIENT VALUES (null,'Floyd','Olga','X');
INSERT INTO PATIENT VALUES (null,'Medina','Hogan','H');
INSERT INTO PATIENT VALUES (null,'Candace','Dwight','Z');
INSERT INTO PATIENT VALUES (null,'Medina','Love','Y');
INSERT INTO PATIENT VALUES (null,'Arnold','Lyons','W');
INSERT INTO PATIENT VALUES (null,'Bell','Angelina','U');
INSERT INTO PATIENT VALUES (null,'Francis','Alison','M');
INSERT INTO PATIENT VALUES (null,'Sandoval','Love','Z');
INSERT INTO PATIENT VALUES (null,'Stevenson','Beatrice','H');
INSERT INTO PATIENT VALUES (null,'Stella','Garcia','O');
INSERT INTO PATIENT VALUES (null,'Larson','Olga','K');
INSERT INTO PATIENT VALUES (null,'Stevenson','Javier','G');
INSERT INTO PATIENT VALUES (null,'Underwood','Martin','B');
INSERT INTO PATIENT VALUES (null,'Angelina','Francis','V');
INSERT INTO PATIENT VALUES (null,'Christie','Julius','X');
INSERT INTO PATIENT VALUES (null,'Larson','Gilbert','H');
INSERT INTO PATIENT VALUES (null,'Thompson','Wendy','O');
INSERT INTO PATIENT VALUES (null,'Cunningham','Beatrice','E');
INSERT INTO PATIENT VALUES (null,'Bush','Rosa','N');
INSERT INTO PATIENT VALUES (null,'Faith','Danny','O');
INSERT INTO PATIENT VALUES (null,'Mclaughlin','Dwight','J');
INSERT INTO PATIENT VALUES (null,'Candace','Todd','H');
INSERT INTO PATIENT VALUES (null,'Hammond','Ortiz','Z');
INSERT INTO PATIENT VALUES (null,'Martin','Garcia','E');
INSERT INTO PATIENT VALUES (null,'Latoya','Kelley','H');
INSERT INTO PATIENT VALUES (null,'Sandoval','Nathaniel','F');
INSERT INTO PATIENT VALUES (null,'Eddie','Dwayne','U');
INSERT INTO PATIENT VALUES (null,'Chad','Bryan','L');
INSERT INTO PATIENT VALUES (null,'Dwayne','Larson','G');
INSERT INTO PATIENT VALUES (null,'Ortiz','Jeffery','E');
INSERT INTO PATIENT VALUES (null,'Hogan','Alison','B');
INSERT INTO PATIENT VALUES (null,'Christie','Brock','O');
INSERT INTO PATIENT VALUES (null,'Mclaughlin','Daniels','E');
INSERT INTO PATIENT VALUES (null,'Weber','Debbie','H');
INSERT INTO PATIENT VALUES (null,'Guzman','Bush','O');
INSERT INTO PATIENT VALUES (null,'Christie','Sandoval','U');
INSERT INTO PATIENT VALUES (null,'Mclaughlin','Juan','F');
INSERT INTO PATIENT VALUES (null,'Garcia','Hamilton','S');
INSERT INTO PATIENT VALUES (null,'Guerrero','Floyd','I');
INSERT INTO PATIENT VALUES (null,'Trevor','Bush','B');
INSERT INTO PATIENT VALUES (null,'Zachary','Wood','Y');
INSERT INTO PATIENT VALUES (null,'Trevor','Lena','Q');
INSERT INTO PATIENT VALUES (null,'Faith','Julius','F');
INSERT INTO PATIENT VALUES (null,'Hopkins','Bell','W');
INSERT INTO PATIENT VALUES (null,'Nathaniel','Cummings','Z');
INSERT INTO PATIENT VALUES (null,'Gross','Dwayne','M');
INSERT INTO PATIENT VALUES (null,'Alison','Reeves','A');
INSERT INTO PATIENT VALUES (null,'Lamar','Hicks','N');
INSERT INTO PATIENT VALUES (null,'Ortiz','Candace','C');
INSERT INTO PATIENT VALUES (null,'Jason','Bush','U');
INSERT INTO PATIENT VALUES (null,'Shelton','Quinn','X');
INSERT INTO PATIENT VALUES (null,'Gross','Mitchell','C');
INSERT INTO PATIENT VALUES (null,'Hogan','Larson','Y');
INSERT INTO PATIENT VALUES (null,'Lena','Irene','D');
INSERT INTO PATIENT VALUES (null,'Leigh','Hamilton','E');
INSERT INTO PATIENT VALUES (null,'Arnold','Jeffery','Q');
INSERT INTO PATIENT VALUES (null,'Trevor','Brock','R');
INSERT INTO PATIENT VALUES (null,'Cummings','Danny','P');
INSERT INTO PATIENT VALUES (null,'Camille','Beatrice','J');
INSERT INTO PATIENT VALUES (null,'Susie','Medina','A');
INSERT INTO PATIENT VALUES (null,'Javier','Guzman','S');
INSERT INTO PATIENT VALUES (null,'Chad','Bennie','O');






INSERT INTO DOCTOR VALUES ('1850653','Irene','Baldwin','296 Glen Eagles Court Wake Forest, NC 27587','Internist');
INSERT INTO DOCTOR VALUES ('7851621','Cummings','Quinn','852 Harvard Rd. Tupelo, MS 38801','Anesthesiologist');
INSERT INTO DOCTOR VALUES ('7765937','Underwood','Christie','8113 S. Augusta Court York, PA 17402','Anesthesiologist');
INSERT INTO DOCTOR VALUES ('1834300','Rosa','Julius','637 Meadow Ave. Highland, IN 46322','Ophtalmologist');
INSERT INTO DOCTOR VALUES ('1269426','Douglas','Brandi','296 Glen Eagles Court Wake Forest, NC 27587','Internist');
INSERT INTO DOCTOR VALUES ('1260646','Stevenson','Walter','202 Mayfield St. Clemmons, NC 27012','Pediatrician');
INSERT INTO DOCTOR VALUES ('1788297','Angelina','Bryan','80 Rockland St. Orland Park, IL 60462','Pediatrician');
INSERT INTO DOCTOR VALUES ('3380915','Sabrina','Underwood','4 North Olive Dr. Charleston, SC 29406','Anesthesiologist');
INSERT INTO DOCTOR VALUES ('1606542','Arnold','Sabrina','240 Lincoln Street Rochester, NY 14606','Anesthesiologist');
INSERT INTO DOCTOR VALUES ('1954959','Kayla','Arnold','17 Beacon Drive Bethlehem, PA 18015','Anesthesiologist');
INSERT INTO DOCTOR VALUES ('2389053','Guzman','Candace','47 Middle River Rd. Ravenna, OH 44266','Ophtalmologist');
INSERT INTO DOCTOR VALUES ('2264973','Hicks','Ricky','96 Newport Drive Palm Beach Gardens, FL 33410','Internist');
INSERT INTO DOCTOR VALUES ('3648166','Lamar','Bell','9021 Snake Hill Street Marietta, GA 30008','Ophtalmologist');
INSERT INTO DOCTOR VALUES ('1515900','Lena','Bush','296 Glen Eagles Court Wake Forest, NC 27587','Pediatrician');
INSERT INTO DOCTOR VALUES ('4378136','Julius','Christie','296 Glen Eagles Court Wake Forest, NC 27587','Internist');
INSERT INTO DOCTOR VALUES ('1360344','Bryan','Murphy','9157 Maiden Lane Ellicott City, MD 21042','Surgeon');
INSERT INTO DOCTOR VALUES ('4576714','Baldwin','Love','4 North Olive Dr. Charleston, SC 29406','Surgeon');
INSERT INTO DOCTOR VALUES ('2746384','Julian','Mccormick','852 Harvard Rd. Tupelo, MS 38801','Surgeon');
INSERT INTO DOCTOR VALUES ('7697770','Weber','Christie','989 Essex St. Chaska, MN 55318','Internist');
INSERT INTO DOCTOR VALUES ('7549848','Joey','Guzman','9762 N. East St. North Bergen, NJ 07047','Surgeon');
INSERT INTO DOCTOR VALUES ('4596857','Lyons','Danielle','48 W. Shipley St. Downingtown, PA 19335','Ophtalmologist');
INSERT INTO DOCTOR VALUES ('8347906','Larson','Brandy','306 Pilgrim Drive Collegeville, PA 19426','Pediatrician');
INSERT INTO DOCTOR VALUES ('5703847','Juan','Lamar','989 Essex St. Chaska, MN 55318','Surgeon');
INSERT INTO DOCTOR VALUES ('2913255','Latoya','Alvarado','9157 Maiden Lane Ellicott City, MD 21042','Pediatrician');
INSERT INTO DOCTOR VALUES ('1292375','Christie','Colleen','7677 Smoky Hollow Avenue Annapolis, MD 21401','Internist');
INSERT INTO DOCTOR VALUES ('6363335','Gilbert','Stella','91 East Longfellow St. Saint Cloud, MN 56301','Pediatrician');
INSERT INTO DOCTOR VALUES ('4883378','Larson','Trevor','7677 Smoky Hollow Avenue Annapolis, MD 21401','Internist');
INSERT INTO DOCTOR VALUES ('1421235','Bell','Susie','7645 Annadale Ave. Londonderry, NH 03053','Ophtalmologist');
INSERT INTO DOCTOR VALUES ('8484038','Guzman','Leah','8625 Bellevue Ave. Canal Winchester, OH 43110','Internist');
INSERT INTO DOCTOR VALUES ('4815780','Juan','Bell','800 Prospect Lane East Hartford, CT 06118','Surgeon');



INSERT INTO EYEPATIENT VALUES ('CAT2018-046',1,'Hopkins','Alison','18','Y','M','3380915','1788297','CF 20','20/32','CF 8','20/16','-LP','20/25','CF 2','CF 11','Lazy Eye','Refractive error','Ischemic heart disease','Lower respiratory infection','Refractive surgery');
INSERT INTO EYEPATIENT VALUES ('CAT2018-045',143,'Baldwin','Susie','21','Y','M','4576714','8484038','20/160','CF 1','20/160','20/100','20/100','CF 16','20/40','20/160','Bulgin eyes','Corneal opacification','Lower respiratory infection','Ischemic heart disease','Glaucoma surgery');
INSERT INTO EYEPATIENT VALUES ('CAT2018-044',53,'Trevor','Hammond','11','N','F','7851621','1954959','20/63','20/50','CF 16','20/100','20/40','CF 11','CF 8','20/20','Muscular degeneration','Bacterial keratitis','Ischemic heart disease','Lower respiratory infection','Cataract surgery');
INSERT INTO EYEPATIENT VALUES ('CAT2018-043',91,'Larson','Dwayne','13','N','F','7697770','7697770','CF 7','20/63','CF 12','U','20/200','CF 4','CF 7','CF 17','CMV Retinitis','Herpes simplex','Chronic obstructive pulmonary disease','Lower respiratory infection','Cataract surgery');
INSERT INTO EYEPATIENT VALUES ('CAT2018-042',80,'Dwight','Mclaughlin','93','N','F','3648166','1421235','CF 8','CF 19','CF 9','20/70','CF 9','+LP','CF 18','20/70','Ocular Hypertension','Ocular histoplasmosis syndrome','Chronic obstructive pulmonary disease','Eye cancer','Eye muscle surgery');
INSERT INTO EYEPATIENT VALUES ('CAT2018-041',15,'Todd','Debbie','83','Y','M','4883378','1292375','20/40','20/40','CF 6','20/50','20/160','CF 3','CF 6','+LP','Glaucoma','Bacterial keratitis','Lower respiratory infection','Lower respiratory infection','Vitreo-retinal surgery');
INSERT INTO EYEPATIENT VALUES ('CAT2018-040',67,'Beatrice','Stevenson','62','Y','M','3380915','7697770','20/16','20/32','CF 9','-LP','20/160','CF 7','CF 5','CF 19','Low Vision','Chlamydia','Stroke','Eye cancer','Cataract surgery');
INSERT INTO EYEPATIENT VALUES ('CAT2018-039',40,'Kayla','Sabrina','34','N','F','4378136','4596857','CF 11','20/20','-LP','CF 1','CF 3','CF 20','CF 14','CF 9','Eyelid Twitching','Ocular histoplasmosis syndrome','Eye cancer','Diabetes mellitus','Laser eye surgery');
INSERT INTO EYEPATIENT VALUES ('CAT2018-038',41,'Medina','Leigh','56','Y','F','1360344','6363335','CF 19','CF 5','20/80','20/50','CF 2','CF 14','20/160','20/12.5','Muscular degeneration','Bacterial keratitis','Diabetes mellitus','Diabetes mellitus','Vitreo-retinal surgery');
INSERT INTO EYEPATIENT VALUES ('CAT2018-037',113,'Reeves','Alison','30','N','M','2389053','4883378','CF 16','CF 19','U','-LP','20/200','CF 5','CF 19','CF 4','Low Vision','Corneal opacification','Stroke','Ischemic heart disease','Cataract surgery');
INSERT INTO EYEPATIENT VALUES ('CAT2018-036',3,'Guzman','Hopkins','60','Y','F','4883378','1834300','20/40','20/40','20/12.5','CF 5','20/32','CF 14','CF 9','CF 14','Retinal Detachment','Ocular histoplasmosis syndrome','Eye cancer','Diabetes mellitus','Eye muscle surgery');
INSERT INTO EYEPATIENT VALUES ('CAT2018-035',81,'Todd','Candace','50','N','F','1954959','1515900','CF 1','-LP','CF 19','CF 17','20/40','CF 1','20/50','CF 15','Bulgin eyes','Gonorrhea','Chronic obstructive pulmonary disease','Eye cancer','Vitreo-retinal surgery');
INSERT INTO EYEPATIENT VALUES ('CAT2018-034',37,'Julian','Alvarado','12','N','F','2264973','1788297','20/40','CF 20','20/20','CF 15','20/32','20/100','CF 15','CF 18','Color blindness','Diabetic retinopathy','Lower respiratory infection','Eye cancer','Vitreo-retinal surgery');
INSERT INTO EYEPATIENT VALUES ('CAT2018-033',117,'Quinn','Shelton','25','N','F','8484038','1606542','20/63','20/40','CF 14','20/10','-LP','CF 17','CF 8','20/120','Cataract','Ocular histoplasmosis syndrome','Alzheimers disease','Chronic obstructive pulmonary disease','Cataract surgery');
INSERT INTO EYEPATIENT VALUES ('CAT2018-032',123,'Jeffery','Arnold','13','N','F','3380915','1515900','20/200','CF 8','20/120','U','20/70','CF 14','20/10','+LP','Keratoconus','Gonorrhea','Ischemic heart disease','Coronary artery disease','Eye muscle surgery');
INSERT INTO EYEPATIENT VALUES ('CAT2018-031',102,'Floyd','Guerrero','11','Y','M','1269426','3648166','CF 1','+LP','CF 4','CF 17','CF 6','CF 15','HM','CF 16','Glaucoma','Refractive error','Coronary artery disease','Lower respiratory infection','Refractive surgery');
INSERT INTO EYEPATIENT VALUES ('CAT2018-030',84,'Garcia','Martin','38','N','M','7765937','7549848','CF 11','20/160','-LP','20/40','20/40','20/25','20/160','20/50','Glaucoma','Shingles','Coronary artery disease','Alzheimers disease','Corneal surgery');
INSERT INTO EYEPATIENT VALUES ('CAT2018-029',93,'Alison','Hogan','36','N','F','4815780','8347906','20/10','HM','CF 10','CF 3','CF 18','CF 12','20/70','20/200','Lazy Eye','Refractive error','Lower respiratory infection','Eye cancer','Corneal surgery');
INSERT INTO EYEPATIENT VALUES ('CAT2018-028',55,'Stella','Sandoval','24','N','F','8484038','4576714','20/50','20/16','CF 14','CF 19','20/63','20/200','20/16','20/200','Muscular degeneration','Refractive error','Alzheimers disease','Diabetes mellitus','Laser eye surgery');
INSERT INTO EYEPATIENT VALUES ('CAT2018-027',100,'Juan','Mclaughlin','74','Y','M','7851621','7549848','CF 12','CF 12','U','CF 8','U','-LP','20/32','CF 8','Eyelid Twitching','Corneal opacification','Chronic obstructive pulmonary disease','Coronary artery disease','Laser eye surgery');
INSERT INTO EYEPATIENT VALUES ('CAT2018-026',27,'Garcia','Francis','28','N','F','4378136','7697770','20/70','CF 20','CF 12','20/16','CF 4','20/70','CF 16','20/100','Eyelid Twitching','Ocular histoplasmosis syndrome','Eye cancer','Ischemic heart disease','Corneal surgery');
INSERT INTO EYEPATIENT VALUES ('CAT2018-025',130,'Quinn','Hogan','66','Y','F','1269426','2746384','CF 10','CF 5','HM','CF 12','20/40','20/32','CF 3','CF 15','CMV Retinitis','Shingles','Alzheimers disease','Coronary artery disease','Laser eye surgery');
INSERT INTO EYEPATIENT VALUES ('CAT2018-024',59,'Hogan','Medina','91','N','F','6363335','1269426','20/120','20/160','CF 7','20/63','20/63','CF 17','CF 9','20/10','Keratoconus','Refractive error','Ischemic heart disease','Ischemic heart disease','Eye muscle surgery');
INSERT INTO EYEPATIENT VALUES ('CAT2018-023',140,'Thompson','Todd','41','N','M','4815780','4815780','CF 6','20/100','CF 10','20/100','HM','CF 8','20/200','20/20','Cataract','Corneal opacification','Lower respiratory infection','Coronary artery disease','Cataract surgery');
INSERT INTO EYEPATIENT VALUES ('CAT2018-022',99,'Sandoval','Christie','27','N','M','4883378','4815780','CF 17','20/25','CF 12','20/32','CF 8','CF 1','CF 17','CF 5','Glaucoma','Herpes simplex','Lower respiratory infection','Diabetes mellitus','Eye muscle surgery');
INSERT INTO EYEPATIENT VALUES ('CAT2018-021',105,'Wood','Zachary','84','N','M','2913255','2746384','CF 15','CF 7','20/10','CF 20','CF 11','CF 8','CF 13','20/100','Color blindness','Diabetic retinopathy','Stroke','Stroke','Refractive surgery');
INSERT INTO EYEPATIENT VALUES ('CAT2018-020',94,'Brock','Christie','71','Y','M','1292375','1360344','U','CF 8','20/120','20/25','CF 1','20/80','CF 11','CF 14','Lazy Eye','Herpes simplex','Alzheimers disease','Chronic obstructive pulmonary disease','Vitreo-retinal surgery');
INSERT INTO EYEPATIENT VALUES ('CAT2018-019',122,'Hamilton','Leigh','54','Y','M','1954959','1360344','20/120','CF 1','20/20','HM','20/25','CF 9','20/10','CF 17','Cataract','Ocular histoplasmosis syndrome','Diabetes mellitus','Diabetes mellitus','Corneal surgery');
INSERT INTO EYEPATIENT VALUES ('CAT2018-018',119,'Larson','Hogan','87','N','M','4883378','8347906','20/50','20/160','CF 10','CF 12','U','CF 1','20/63','20/20','Lazy Eye','Shingles','Ischemic heart disease','Ischemic heart disease','Eye muscle surgery');
INSERT INTO EYEPATIENT VALUES ('CAT2018-017',137,'Lamar','Mclaughlin','7','Y','M','7549848','3380915','CF 2','CF 11','20/25','CF 17','20/70','CF 3','20/32','CF 5','Diabetic Macular Edema','Gonorrhea','Coronary artery disease','Eye cancer','Vitreo-retinal surgery');
INSERT INTO EYEPATIENT VALUES ('CAT2018-016',125,'Danny','Cummings','51','Y','F','7549848','4378136','CF 6','20/160','20/12.5','CF 8','CF 8','20/120','20/63','20/80','Diabetic Macular Edema','Corneal opacification','Stroke','Coronary artery disease','Vitreo-retinal surgery');
INSERT INTO EYEPATIENT VALUES ('CAT2018-015',107,'Lena','Trevor','66','N','M','1292375','4596857','CF 1','CF 1','20/10','CF 3','-LP','CF 7','CF 4','CF 16','Muscular degeneration','Ocular histoplasmosis syndrome','Stroke','Diabetes mellitus','Eye muscle surgery');
INSERT INTO EYEPATIENT VALUES ('CAT2018-014',103,'Bush','Trevor','54','Y','F','1421235','1850653','CF 7','U','20/120','20/50','20/50','20/10','CF 15','20/32','Color blindness','Herpes simplex','Ischemic heart disease','Coronary artery disease','Laser eye surgery');
INSERT INTO EYEPATIENT VALUES ('CAT2018-013',2,'Rice','Sandoval','78','N','M','2913255','7765937','20/12.5','20/16','20/120','CF 3','CF 10','20/63','HM','CF 14','Eyelid Twitching','Diabetic retinopathy','Coronary artery disease','Stroke','Eye muscle surgery');
INSERT INTO EYEPATIENT VALUES ('CAT2018-012',16,'Cunningham','Mclaughlin','56','Y','F','8347906','3380915','CF 3','20/12.5','U','20/63','HM','CF 8','CF 7','CF 7','Diabetic Macular Edema','Refractive error','Coronary artery disease','Coronary artery disease','Oculoplastic surgery');
INSERT INTO EYEPATIENT VALUES ('CAT2018-011',29,'Guerrero','Lyons','19','Y','M','1260646','1292375','20/63','20/12.5','CF 17','CF 3','20/80','CF 3','20/12.5','CF 2','CMV Retinitis','Corneal opacification','Alzheimers disease','Coronary artery disease','Oculoplastic surgery');
INSERT INTO EYEPATIENT VALUES ('CAT2018-010',72,'Francis','Angelina','46','N','F','1292375','2913255','HM','20/160','CF 20','20/25','CF 12','CF 10','20/12.5','CF 19','Low Vision','Ocular histoplasmosis syndrome','Lower respiratory infection','Diabetes mellitus','Oculoplastic surgery');
INSERT INTO EYEPATIENT VALUES ('CAT2018-009',127,'Medina','Susie','98','Y','F','4378136','7765937','20/16','20/50','CF 4','CF 19','CF 11','CF 10','CF 10','20/120','Cataract','Ocular histoplasmosis syndrome','Coronary artery disease','Chronic obstructive pulmonary disease','Oculoplastic surgery');
INSERT INTO EYEPATIENT VALUES ('CAT2018-008',21,'Brent','Angelina','22','Y','M','6363335','1260646','20/200','CF 18','20/63','20/20','CF 7','CF 6','CF 16','CF 6','Muscular degeneration','Gonorrhea','Alzheimers disease','Ischemic heart disease','Eye muscle surgery');
INSERT INTO EYEPATIENT VALUES ('CAT2018-007',146,'Debbie','Baldwin','63','Y','M','1515900','1954959','U','20/160','CF 9','CF 17','CF 4','20/50','+LP','20/63','Diabetic Macular Edema','Shingles','Stroke','Ischemic heart disease','Corneal surgery');
INSERT INTO EYEPATIENT VALUES ('CAT2018-006',58,'Olga','Floyd','5','N','M','2389053','4883378','20/10','CF 7','CF 7','CF 1','20/32','CF 7','20/32','CF 17','Glaucoma','Gonorrhea','Eye cancer','Chronic obstructive pulmonary disease','Laser eye surgery');
INSERT INTO EYEPATIENT VALUES ('CAT2018-005',139,'Brandi','Gregory','71','Y','M','4378136','1421235','20/10','CF 5','20/120','20/63','CF 5','CF 3','CF 15','CF 9','Glaucoma','Ocular histoplasmosis syndrome','Chronic obstructive pulmonary disease','Chronic obstructive pulmonary disease','Glaucoma surgery');
INSERT INTO EYEPATIENT VALUES ('CAT2018-004',57,'Weber','Angelina','90','N','M','3380915','2389053','CF 17','CF 18','CF 15','20/63','20/10','20/20','CF 20','CF 15','Eye Floaters and Eye Flashes','Shingles','Chronic obstructive pulmonary disease','Alzheimers disease','Eye muscle surgery');
INSERT INTO EYEPATIENT VALUES ('CAT2018-003',126,'Beatrice','Camille','38','Y','M','1515900','4815780','20/32','CF 19','20/80','20/16','+LP','CF 17','CF 3','CF 3','Low Vision','Refractive error','Alzheimers disease','Alzheimers disease','Vitreo-retinal surgery');
INSERT INTO EYEPATIENT VALUES ('CAT2018-002',96,'Daniels','Mclaughlin','27','N','F','3648166','5703847','CF 6','20/12.5','20/200','CF 17','CF 8','CF 8','CF 3','20/63','Keratoconus','Shingles','Ischemic heart disease','Eye cancer','Corneal surgery');
INSERT INTO EYEPATIENT VALUES ('CAT2018-001',8,'Debbie','Dwight','83','N','F','1269426','1850653','20/40','CF 15','20/70','U','CF 7','CF 15','CF 5','CF 11','Color blindness','Ocular histoplasmosis syndrome','Stroke','Diabetes mellitus','Eye muscle surgery');
INSERT INTO EYEPATIENT VALUES ('CAT2018-000',116,'Bush','Jason','99','Y','F','7549848','2389053','CF 1','20/12.5','20/120','20/40','-LP','CF 17','CF 10','CF 2','Bulgin eyes','Shingles','Stroke','Chronic obstructive pulmonary disease','Cataract surgery');
INSERT INTO EYEPATIENT VALUES ('CAT2017-046',19,'Zachary','Brandy','83','N','M','4596857','7851621','20/16','CF 11','CF 3','20/50','CF 17','CF 19','20/16','CF 10','Lazy Eye','Refractive error','Ischemic heart disease','Alzheimers disease','Oculoplastic surgery');
INSERT INTO EYEPATIENT VALUES ('CAT2017-045',46,'Todd','Julian','35','N','F','3648166','4883378','CF 18','20/32','HM','CF 6','CF 13','CF 7','20/20','20/200','Eye Floaters and Eye Flashes','Refractive error','Coronary artery disease','Diabetes mellitus','Cataract surgery');
INSERT INTO EYEPATIENT VALUES ('CAT2017-044',70,'Javier','Stevenson','78','N','M','1260646','6363335','CF 11','CF 20','CF 1','20/160','20/63','CF 4','20/50','CF 2','Retinal Detachment','Shingles','Eye cancer','Ischemic heart disease','Laser eye surgery');
INSERT INTO EYEPATIENT VALUES ('CAT2017-043',66,'Love','Sandoval','88','N','F','7697770','2746384','20/200','20/100','+LP','20/16','20/120','+LP','20/63','CF 6','Color blindness','Chlamydia','Eye cancer','Chronic obstructive pulmonary disease','Oculoplastic surgery');
INSERT INTO EYEPATIENT VALUES ('CAT2017-042',147,'Hicks','Sandoval','7','N','M','1360344','1260646','20/100','20/80','CF 19','20/40','20/120','20/25','CF 19','20/120','Diabetic Macular Edema','Refractive error','Diabetes mellitus','Ischemic heart disease','Refractive surgery');
INSERT INTO EYEPATIENT VALUES ('CAT2017-041',85,'Kelley','Latoya','40','Y','F','7697770','7765937','-LP','20/20','CF 18','20/63','CF 1','CF 1','20/63','20/10','Color blindness','Chlamydia','Alzheimers disease','Diabetes mellitus','Laser eye surgery');
INSERT INTO EYEPATIENT VALUES ('CAT2017-040',56,'Rosemary','Stella','66','Y','F','4883378','4378136','CF 8','CF 3','CF 8','20/12.5','CF 17','CF 19','CF 9','CF 20','Bulgin eyes','Chlamydia','Chronic obstructive pulmonary disease','Chronic obstructive pulmonary disease','Vitreo-retinal surgery');
INSERT INTO EYEPATIENT VALUES ('CAT2017-039',155,'Irene','Medina','76','N','F','1834300','7851621','CF 18','U','CF 11','20/40','20/16','CF 12','CF 17','CF 18','Glaucoma','Bacterial keratitis','Ischemic heart disease','Eye cancer','Cataract surgery');
INSERT INTO EYEPATIENT VALUES ('CAT2017-038',49,'Derek','Angelina','23','N','M','3648166','3380915','CF 6','20/200','CF 4','CF 20','20/40','CF 19','20/12.5','20/70','Bulgin eyes','Corneal opacification','Eye cancer','Diabetes mellitus','Oculoplastic surgery');
INSERT INTO EYEPATIENT VALUES ('CAT2017-037',12,'Riley','Leah','7','N','M','1515900','5703847','20/160','CF 13','20/12.5','CF 3','20/100','CF 15','CF 3','HM','Retinal Detachment','Refractive error','Alzheimers disease','Coronary artery disease','Cataract surgery');
INSERT INTO EYEPATIENT VALUES ('CAT2017-036',109,'Bell','Hopkins','37','N','F','1954959','1954959','20/40','CF 6','CF 5','20/10','CF 10','20/32','20/25','20/20','Eye Floaters and Eye Flashes','Herpes simplex','Alzheimers disease','Alzheimers disease','Refractive surgery');
INSERT INTO EYEPATIENT VALUES ('CAT2017-035',28,'Bush','Angelina','6','Y','F','1834300','1606542','20/25','20/20','20/40','CF 15','CF 1','CF 19','20/120','CF 9','Bulgin eyes','Ocular histoplasmosis syndrome','Ischemic heart disease','Stroke','Refractive surgery');
INSERT INTO EYEPATIENT VALUES ('CAT2017-034',145,'Jackie','Douglas','73','N','F','1260646','1954959','CF 8','20/40','20/25','20/100','CF 20','CF 12','CF 19','CF 6','Eyelid Twitching','Bacterial keratitis','Lower respiratory infection','Chronic obstructive pulmonary disease','Corneal surgery');
INSERT INTO EYEPATIENT VALUES ('CAT2017-033',111,'Dwayne','Gross','26','Y','M','1850653','1421235','20/40','CF 6','CF 20','CF 16','CF 6','20/63','20/10','20/10','Bulgin eyes','Bacterial keratitis','Chronic obstructive pulmonary disease','Coronary artery disease','Vitreo-retinal surgery');
INSERT INTO EYEPATIENT VALUES ('CAT2017-032',97,'Debbie','Weber','57','N','M','8484038','5703847','CF 5','CF 13','CF 9','+LP','20/50','CF 13','20/16','CF 10','Diabetic Macular Edema','Shingles','Chronic obstructive pulmonary disease','Stroke','Laser eye surgery');
INSERT INTO EYEPATIENT VALUES ('CAT2017-031',61,'Love','Medina','60','N','M','4815780','2264973','20/40','20/25','U','20/120','-LP','CF 7','CF 16','20/120','Eyelid Twitching','Diabetic retinopathy','Chronic obstructive pulmonary disease','Stroke','Refractive surgery');
INSERT INTO EYEPATIENT VALUES ('CAT2017-030',10,'Angelina','Hammond','2','Y','M','5703847','3648166','CF 3','20/63','CF 13','20/50','20/63','20/20','CF 10','CF 12','Ocular Hypertension','Ocular histoplasmosis syndrome','Stroke','Chronic obstructive pulmonary disease','Cataract surgery');
INSERT INTO EYEPATIENT VALUES ('CAT2017-029',136,'Simpson','Cummings','31','N','M','4883378','1850653','20/32','CF 18','20/120','20/12.5','20/120','CF 3','U','20/40','Diabetic Macular Edema','Shingles','Diabetes mellitus','Ischemic heart disease','Corneal surgery');
INSERT INTO EYEPATIENT VALUES ('CAT2017-028',17,'Floyd','Mitchell','31','N','F','1421235','1788297','CF 4','20/80','20/40','CF 9','CF 12','CF 2','20/120','CF 19','Keratoconus','Refractive error','Ischemic heart disease','Lower respiratory infection','Vitreo-retinal surgery');
INSERT INTO EYEPATIENT VALUES ('CAT2017-027',69,'Olga','Larson','63','Y','F','7549848','7765937','20/200','U','20/50','20/70','20/63','20/32','20/80','20/12.5','Color blindness','Ocular histoplasmosis syndrome','Lower respiratory infection','Coronary artery disease','Eye muscle surgery');
INSERT INTO EYEPATIENT VALUES ('CAT2017-026',35,'Candace','Weber','87','Y','M','4815780','1788297','CF 7','U','CF 10','CF 9','CF 12','CF 5','CF 6','20/32','Retinal Detachment','Herpes simplex','Alzheimers disease','Chronic obstructive pulmonary disease','Cataract surgery');
INSERT INTO EYEPATIENT VALUES ('CAT2017-025',73,'Julius','Christie','43','N','M','4815780','1606542','20/80','CF 20','20/160','CF 5','CF 6','CF 8','CF 19','CF 14','Color blindness','Bacterial keratitis','Chronic obstructive pulmonary disease','Eye cancer','Cataract surgery');
INSERT INTO EYEPATIENT VALUES ('CAT2017-024',92,'Jeffery','Ortiz','81','Y','M','1515900','1360344','CF 9','20/100','CF 20','CF 5','CF 18','20/12.5','CF 9','CF 19','Color blindness','Bacterial keratitis','Lower respiratory infection','Ischemic heart disease','Eye muscle surgery');
INSERT INTO EYEPATIENT VALUES ('CAT2017-023',78,'Rosa','Bush','52','Y','F','7549848','1260646','CF 1','20/160','CF 15','20/200','CF 14','+LP','20/20','CF 4','Glaucoma','Ocular histoplasmosis syndrome','Eye cancer','Chronic obstructive pulmonary disease','Eye muscle surgery');
INSERT INTO EYEPATIENT VALUES ('CAT2017-022',121,'Irene','Lena','85','Y','M','2389053','6363335','CF 6','20/10','HM','CF 2','CF 12','HM','CF 12','20/63','Uveitis','Shingles','Lower respiratory infection','Diabetes mellitus','Cataract surgery');
INSERT INTO EYEPATIENT VALUES ('CAT2017-021',76,'Beatrice','Cunningham','22','Y','F','1269426','1834300','CF 17','20/10','20/50','-LP','CF 20','CF 6','20/100','CF 4','Lazy Eye','Shingles','Ischemic heart disease','Alzheimers disease','Glaucoma surgery');
INSERT INTO EYEPATIENT VALUES ('CAT2017-020',36,'Faith','Simpson','98','Y','F','1421235','1421235','20/25','CF 15','CF 2','20/80','CF 12','20/70','CF 17','CF 14','Crossed eyes','Herpes simplex','Eye cancer','Lower respiratory infection','Eye muscle surgery');
INSERT INTO EYEPATIENT VALUES ('CAT2017-019',138,'Chad','Ricky','1','N','M','1515900','2264973','20/12.5','+LP','CF 14','CF 10','CF 19','CF 3','CF 4','CF 10','Retinal Detachment','Ocular histoplasmosis syndrome','Alzheimers disease','Ischemic heart disease','Vitreo-retinal surgery');
INSERT INTO EYEPATIENT VALUES ('CAT2017-018',26,'Hopkins','Baldwin','71','N','M','1834300','4596857','CF 2','20/160','CF 3','CF 15','20/16','20/16','20/80','CF 10','Glaucoma','Bacterial keratitis','Stroke','Ischemic heart disease','Cataract surgery');
INSERT INTO EYEPATIENT VALUES ('CAT2017-017',134,'Stevenson','Walter','0','N','M','1421235','4596857','20/25','CF 1','CF 16','20/200','20/12.5','CF 1','CF 6','20/12.5','Diabetic Macular Edema','Chlamydia','Stroke','Alzheimers disease','Laser eye surgery');
INSERT INTO EYEPATIENT VALUES ('CAT2017-016',154,'Juan','Love','71','N','F','2746384','2746384','CF 17','CF 9','20/16','20/16','CF 5','+LP','CF 18','20/10','Crossed eyes','Corneal opacification','Diabetes mellitus','Lower respiratory infection','Laser eye surgery');
INSERT INTO EYEPATIENT VALUES ('CAT2017-015',14,'Nathaniel','Chad','43','Y','M','2264973','2746384','20/70','20/70','CF 13','CF 14','20/12.5','20/100','CF 17','20/50','Retinal Detachment','Corneal opacification','Eye cancer','Lower respiratory infection','Oculoplastic surgery');
INSERT INTO EYEPATIENT VALUES ('CAT2017-014',5,'Leigh','Lena','51','Y','F','4378136','7851621','CF 7','CF 20','CF 13','20/70','20/70','CF 5','20/40','20/32','Retinal Detachment','Diabetic retinopathy','Lower respiratory infection','Lower respiratory infection','Eye muscle surgery');
INSERT INTO EYEPATIENT VALUES ('CAT2017-013',20,'Daniels','Underwood','39','N','F','2389053','1788297','20/40','CF 20','20/50','CF 13','CF 10','20/63','20/80','20/16','Eyelid Twitching','Ocular histoplasmosis syndrome','Diabetes mellitus','Stroke','Corneal surgery');
INSERT INTO EYEPATIENT VALUES ('CAT2017-012',118,'Mitchell','Gross','9','Y','M','2389053','7697770','CF 19','20/100','CF 8','CF 20','20/20','20/200','CF 1','20/16','Diabetic Macular Edema','Shingles','Alzheimers disease','Chronic obstructive pulmonary disease','Refractive surgery');
INSERT INTO EYEPATIENT VALUES ('CAT2017-011',62,'Lyons','Arnold','8','N','M','1834300','7549848','HM','20/10','CF 13','CF 2','20/100','CF 11','CF 7','CF 10','Cataract','Ocular histoplasmosis syndrome','Ischemic heart disease','Chronic obstructive pulmonary disease','Corneal surgery');
INSERT INTO EYEPATIENT VALUES ('CAT2017-010',33,'Kelley','Cunningham','49','Y','M','6363335','1269426','CF 8','CF 11','20/25','+LP','20/100','CF 17','CF 13','CF 10','Retinal Detachment','Herpes simplex','Alzheimers disease','Ischemic heart disease','Refractive surgery');
INSERT INTO EYEPATIENT VALUES ('CAT2017-009',24,'Quinn','Shelton','65','Y','M','4883378','7697770','CF 5','20/63','HM','U','U','+LP','CF 9','20/160','Lazy Eye','Corneal opacification','Ischemic heart disease','Coronary artery disease','Eye muscle surgery');
INSERT INTO EYEPATIENT VALUES ('CAT2017-008',74,'Gilbert','Larson','86','N','F','2264973','1788297','20/20','20/120','CF 9','CF 14','CF 3','CF 14','-LP','CF 3','CMV Retinitis','Shingles','Lower respiratory infection','Diabetes mellitus','Laser eye surgery');
INSERT INTO EYEPATIENT VALUES ('CAT2017-007',54,'Leigh','Rosa','7','N','F','1292375','4378136','CF 12','20/10','20/100','20/10','20/63','CF 15','CF 19','CF 5','CMV Retinitis','Shingles','Coronary artery disease','Stroke','Vitreo-retinal surgery');
INSERT INTO EYEPATIENT VALUES ('CAT2017-006',63,'Angelina','Bell','97','Y','M','2264973','3380915','20/200','HM','CF 13','CF 6','CF 20','CF 17','20/10','CF 11','Crossed eyes','Gonorrhea','Ischemic heart disease','Chronic obstructive pulmonary disease','Glaucoma surgery');
INSERT INTO EYEPATIENT VALUES ('CAT2017-005',132,'Brandy','Susie','25','Y','F','1850653','4378136','20/120','CF 20','CF 13','CF 9','CF 18','20/20','20/32','20/25','Cataract','Shingles','Lower respiratory infection','Ischemic heart disease','Glaucoma surgery');
INSERT INTO EYEPATIENT VALUES ('CAT2017-004',47,'Rice','Beatrice','46','N','M','1606542','2389053','HM','20/40','CF 12','HM','-LP','U','CF 6','CF 4','Diabetic Macular Edema','Refractive error','Lower respiratory infection','Diabetes mellitus','Eye muscle surgery');
INSERT INTO EYEPATIENT VALUES ('CAT2017-003',39,'Kayla','Lena','15','N','F','7765937','5703847','-LP','CF 14','20/50','CF 13','-LP','CF 17','20/50','CF 17','Keratoconus','Herpes simplex','Stroke','Ischemic heart disease','Eye muscle surgery');
INSERT INTO EYEPATIENT VALUES ('CAT2017-002',7,'Bush','Danielle','23','Y','M','1269426','1421235','HM','20/70','20/40','CF 5','20/120','CF 16','U','20/160','Ocular Hypertension','Shingles','Alzheimers disease','Diabetes mellitus','Cataract surgery');
INSERT INTO EYEPATIENT VALUES ('CAT2017-001',115,'Candace','Ortiz','88','Y','F','2389053','2913255','20/32','20/160','20/12.5','U','20/16','CF 13','CF 9','CF 1','Retinal Detachment','Bacterial keratitis','Stroke','Diabetes mellitus','Refractive surgery');
INSERT INTO EYEPATIENT VALUES ('CAT2017-000',65,'Alison','Francis','43','Y','M','5703847','2264973','CF 14','CF 11','CF 3','+LP','20/16','20/200','CF 18','+LP','Low Vision','Herpes simplex','Lower respiratory infection','Coronary artery disease','Vitreo-retinal surgery');
INSERT INTO EYEPATIENT VALUES ('CAT2016-046',60,'Dwight','Candace','94','N','M','1260646','4815780','CF 9','CF 15','20/12.5','CF 20','20/160','20/25','CF 13','20/120','CMV Retinitis','Shingles','Ischemic heart disease','Alzheimers disease','Oculoplastic surgery');
INSERT INTO EYEPATIENT VALUES ('CAT2016-045',88,'Dwayne','Eddie','58','N','M','4576714','1292375','CF 14','20/80','CF 10','CF 2','CF 9','CF 17','20/10','20/200','Muscular degeneration','Refractive error','Diabetes mellitus','Diabetes mellitus','Glaucoma surgery');
INSERT INTO EYEPATIENT VALUES ('CAT2016-044',149,'Estelle','Hamilton','66','Y','M','5703847','3648166','CF 19','CF 13','20/12.5','20/40','20/160','CF 9','20/32','CF 16','Muscular degeneration','Gonorrhea','Coronary artery disease','Eye cancer','Refractive surgery');
INSERT INTO EYEPATIENT VALUES ('CAT2016-043',129,'Bennie','Chad','39','Y','F','3648166','1788297','20/100','CF 20','20/200','U','CF 12','CF 6','CF 3','U','Eyelid Twitching','Ocular histoplasmosis syndrome','Eye cancer','Diabetes mellitus','Refractive surgery');
INSERT INTO EYEPATIENT VALUES ('CAT2016-042',4,'Bennie','Kelley','22','Y','M','1269426','1954959','CF 16','CF 18','CF 5','20/16','CF 18','CF 13','CF 17','CF 1','Muscular degeneration','Ocular histoplasmosis syndrome','Coronary artery disease','Eye cancer','Laser eye surgery');
INSERT INTO EYEPATIENT VALUES ('CAT2016-041',128,'Guzman','Javier','93','Y','F','7851621','1954959','CF 18','CF 5','CF 13','-LP','20/40','CF 1','CF 5','20/100','Bulgin eyes','Refractive error','Stroke','Lower respiratory infection','Eye muscle surgery');
INSERT INTO EYEPATIENT VALUES ('CAT2016-040',124,'Brock','Trevor','63','Y','F','1850653','2746384','20/120','CF 11','20/25','CF 14','HM','20/32','CF 19','20/200','Keratoconus','Shingles','Coronary artery disease','Coronary artery disease','Laser eye surgery');
INSERT INTO EYEPATIENT VALUES ('CAT2016-039',52,'Gross','Simpson','62','N','F','3380915','7851621','CF 2','CF 14','20/63','20/16','CF 1','CF 7','20/12.5','CF 20','Diabetic Macular Edema','Ocular histoplasmosis syndrome','Stroke','Diabetes mellitus','Cataract surgery');
INSERT INTO EYEPATIENT VALUES ('CAT2016-038',82,'Ortiz','Hammond','26','N','M','5703847','1260646','20/32','CF 6','CF 2','CF 4','CF 5','20/25','CF 9','CF 16','Bulgin eyes','Corneal opacification','Stroke','Coronary artery disease','Corneal surgery');
INSERT INTO EYEPATIENT VALUES ('CAT2016-037',135,'Jeffery','Guzman','26','Y','F','8484038','7697770','-LP','-LP','20/160','20/40','CF 8','20/120','CF 14','20/32','Bulgin eyes','Herpes simplex','Eye cancer','Eye cancer','Corneal surgery');
INSERT INTO EYEPATIENT VALUES ('CAT2016-036',32,'Stella','Leah','57','N','F','1788297','1292375','20/120','20/120','CF 14','CF 8','20/40','CF 15','U','20/32','Uveitis','Shingles','Chronic obstructive pulmonary disease','Chronic obstructive pulmonary disease','Corneal surgery');
INSERT INTO EYEPATIENT VALUES ('CAT2016-035',42,'Derek','Julian','63','Y','M','4576714','4576714','20/120','20/12.5','CF 2','20/40','CF 5','CF 16','CF 8','20/80','Color blindness','Bacterial keratitis','Stroke','Ischemic heart disease','Vitreo-retinal surgery');
INSERT INTO EYEPATIENT VALUES ('CAT2016-034',44,'Bryan','Julian','76','N','M','7765937','1260646','CF 1','20/70','20/25','CF 7','U','CF 5','CF 3','CF 7','Lazy Eye','Shingles','Ischemic heart disease','Lower respiratory infection','Eye muscle surgery');
INSERT INTO EYEPATIENT VALUES ('CAT2016-033',50,'Cunningham','Daniels','85','Y','F','4883378','1292375','U','CF 13','CF 2','CF 15','CF 8','CF 8','-LP','CF 19','Ocular Hypertension','Bacterial keratitis','Ischemic heart disease','Alzheimers disease','Glaucoma surgery');
INSERT INTO EYEPATIENT VALUES ('CAT2016-032',51,'Trevor','Love','24','N','F','4596857','1292375','20/80','CF 14','CF 13','20/120','+LP','20/100','20/200','CF 15','Cataract','Shingles','Lower respiratory infection','Eye cancer','Eye muscle surgery');
INSERT INTO EYEPATIENT VALUES ('CAT2016-031',71,'Martin','Underwood','62','Y','F','3380915','5703847','CF 15','CF 15','20/32','CF 20','20/120','CF 15','CF 14','CF 9','Color blindness','Gonorrhea','Chronic obstructive pulmonary disease','Ischemic heart disease','Vitreo-retinal surgery');
INSERT INTO EYEPATIENT VALUES ('CAT2016-030',141,'Alvarado','Love','29','Y','F','8484038','1360344','CF 2','CF 19','20/12.5','20/25','CF 13','CF 6','CF 16','HM','Color blindness','Refractive error','Lower respiratory infection','Lower respiratory infection','Cataract surgery');
INSERT INTO EYEPATIENT VALUES ('CAT2016-029',11,'Hicks','Bailey','44','Y','M','1269426','1850653','20/63','20/20','CF 4','CF 18','20/50','20/16','CF 15','CF 1','Crossed eyes','Corneal opacification','Alzheimers disease','Coronary artery disease','Oculoplastic surgery');
INSERT INTO EYEPATIENT VALUES ('CAT2016-028',108,'Julius','Faith','28','Y','M','7765937','7851621','20/20','20/63','CF 3','-LP','HM','HM','20/40','CF 17','Bulgin eyes','Corneal opacification','Eye cancer','Ischemic heart disease','Refractive surgery');
INSERT INTO EYEPATIENT VALUES ('CAT2016-027',110,'Cummings','Nathaniel','29','N','M','4596857','4378136','CF 7','CF 3','20/12.5','CF 2','20/25','CF 19','CF 15','20/100','Low Vision','Refractive error','Diabetes mellitus','Alzheimers disease','Oculoplastic surgery');
INSERT INTO EYEPATIENT VALUES ('CAT2016-026',114,'Hicks','Lamar','11','Y','F','2264973','1421235','CF 4','20/32','CF 17','CF 12','CF 18','20/32','20/120','CF 4','Lazy Eye','Herpes simplex','Coronary artery disease','Diabetes mellitus','Corneal surgery');
INSERT INTO EYEPATIENT VALUES ('CAT2016-025',75,'Wendy','Thompson','95','Y','M','1360344','4815780','CF 6','CF 4','CF 14','20/40','CF 16','CF 17','CF 5','CF 11','Muscular degeneration','Herpes simplex','Diabetes mellitus','Chronic obstructive pulmonary disease','Glaucoma surgery');
INSERT INTO EYEPATIENT VALUES ('CAT2016-024',6,'Bailey','Sandoval','55','Y','M','1606542','1269426','20/50','-LP','CF 17','CF 2','CF 11','-LP','CF 9','CF 7','Uveitis','Ocular histoplasmosis syndrome','Coronary artery disease','Stroke','Cataract surgery');
INSERT INTO EYEPATIENT VALUES ('CAT2016-023',87,'Nathaniel','Sandoval','35','Y','F','6363335','2264973','20/40','20/25','CF 15','CF 6','20/160','20/80','CF 11','20/70','Low Vision','Diabetic retinopathy','Diabetes mellitus','Ischemic heart disease','Corneal surgery');
INSERT INTO EYEPATIENT VALUES ('CAT2016-022',98,'Bush','Guzman','26','N','M','4883378','4576714','CF 6','20/200','20/32','CF 7','CF 14','CF 3','CF 15','20/16','Keratoconus','Refractive error','Alzheimers disease','Coronary artery disease','Cataract surgery');
INSERT INTO EYEPATIENT VALUES ('CAT2016-021',31,'Cummings','Brent','43','Y','M','4576714','2264973','20/40','20/12.5','CF 16','HM','20/12.5','CF 19','-LP','CF 10','Diabetic Macular Edema','Herpes simplex','Chronic obstructive pulmonary disease','Lower respiratory infection','Cataract surgery');
INSERT INTO EYEPATIENT VALUES ('CAT2016-020',68,'Garcia','Stella','86','N','M','3380915','1606542','20/160','CF 14','CF 9','CF 3','CF 16','20/80','20/70','20/32','Cataract','Herpes simplex','Ischemic heart disease','Eye cancer','Cataract surgery');
INSERT INTO EYEPATIENT VALUES ('CAT2016-019',25,'Arnold','Baldwin','39','N','F','2913255','4596857','CF 5','CF 5','20/20','CF 4','-LP','CF 20','20/40','CF 8','Glaucoma','Diabetic retinopathy','Chronic obstructive pulmonary disease','Ischemic heart disease','Vitreo-retinal surgery');
INSERT INTO EYEPATIENT VALUES ('CAT2016-018',43,'Douglas','Stevenson','95','N','M','1954959','1260646','CF 12','20/200','+LP','20/25','20/20','CF 1','20/10','20/100','Muscular degeneration','Refractive error','Stroke','Ischemic heart disease','Vitreo-retinal surgery');
INSERT INTO EYEPATIENT VALUES ('CAT2016-017',13,'Hammond','Thompson','72','N','M','1292375','2389053','20/50','CF 12','20/50','20/80','CF 1','20/80','CF 9','CF 19','Lazy Eye','Gonorrhea','Lower respiratory infection','Diabetes mellitus','Corneal surgery');
INSERT INTO EYEPATIENT VALUES ('CAT2016-016',34,'Alvarado','Kayla','72','N','F','4378136','1788297','CF 3','CF 15','CF 9','20/50','20/50','CF 16','CF 2','U','CMV Retinitis','Herpes simplex','Coronary artery disease','Stroke','Corneal surgery');
INSERT INTO EYEPATIENT VALUES ('CAT2016-015',133,'Danielle','Julius','52','Y','M','6363335','7549848','CF 14','CF 15','CF 3','CF 10','20/25','+LP','+LP','20/200','Bulgin eyes','Herpes simplex','Diabetes mellitus','Alzheimers disease','Eye muscle surgery');
INSERT INTO EYEPATIENT VALUES ('CAT2016-014',48,'Christie','Kayla','24','Y','F','8347906','7765937','20/100','20/10','CF 16','20/20','CF 6','20/25','CF 7','CF 1','Eyelid Twitching','Chlamydia','Diabetes mellitus','Lower respiratory infection','Cataract surgery');
INSERT INTO EYEPATIENT VALUES ('CAT2016-013',45,'Brent','Debbie','91','N','M','7851621','4815780','+LP','CF 19','CF 19','20/12.5','CF 20','20/20','CF 12','CF 1','CMV Retinitis','Refractive error','Chronic obstructive pulmonary disease','Stroke','Eye muscle surgery');
INSERT INTO EYEPATIENT VALUES ('CAT2016-012',18,'Christie','Stella','67','N','M','1788297','1954959','20/160','20/80','CF 8','-LP','CF 1','20/70','20/100','CF 5','Low Vision','Gonorrhea','Diabetes mellitus','Alzheimers disease','Refractive surgery');
INSERT INTO EYEPATIENT VALUES ('CAT2016-011',101,'Hamilton','Garcia','87','Y','F','2746384','1788297','CF 5','20/20','CF 18','CF 20','CF 6','-LP','20/16','20/120','Glaucoma','Shingles','Stroke','Stroke','Corneal surgery');
INSERT INTO EYEPATIENT VALUES ('CAT2016-010',148,'Garcia','Angelina','68','Y','F','1292375','1788297','20/20','CF 6','-LP','CF 9','CF 7','CF 5','CF 17','20/200','Uveitis','Bacterial keratitis','Ischemic heart disease','Coronary artery disease','Refractive surgery');
INSERT INTO EYEPATIENT VALUES ('CAT2016-009',9,'Stevenson','Wendy','9','N','M','5703847','1292375','CF 9','20/20','CF 16','20/63','20/12.5','20/80','CF 12','CF 16','Uveitis','Ocular histoplasmosis syndrome','Ischemic heart disease','Coronary artery disease','Laser eye surgery');
INSERT INTO EYEPATIENT VALUES ('CAT2016-008',0,'Angelina','Riley','66','Y','M','4378136','4576714','CF 20','20/50','20/40','20/10','20/12.5','20/25','CF 4','CF 15','Low Vision','Diabetic retinopathy','Coronary artery disease','Stroke','Cataract surgery');
INSERT INTO EYEPATIENT VALUES ('CAT2016-005',38,'Kelley','Chad','60','N','F','4378136','5703847','20/63','CF 18','20/120','20/16','20/16','20/12.5','20/20','20/10','Muscular degeneration','Gonorrhea','Ischemic heart disease','Alzheimers disease','Cataract surgery');
INSERT INTO EYEPATIENT VALUES ('CAT2016-004',153,'Cunningham','Guzman','72','N','F','1260646','1850653','CF 15','20/12.5','20/16','CF 5','CF 6','CF 14','CF 3','CF 10','Muscular degeneration','Bacterial keratitis','Ischemic heart disease','Alzheimers disease','Cataract surgery');
INSERT INTO EYEPATIENT VALUES ('CAT2016-003',151,'Sandoval','Hogan','39','N','F','4596857','1788297','CF 9','20/12.5','HM','20/50','CF 6','CF 5','CF 13','20/25','Crossed eyes','Chlamydia','Eye cancer','Diabetes mellitus','Laser eye surgery');
INSERT INTO EYEPATIENT VALUES ('CAT2016-002',79,'Danny','Faith','47','N','F','2746384','1606542','20/20','CF 4','-LP','CF 4','CF 14','20/10','20/63','CF 4','Ocular Hypertension','Refractive error','Lower respiratory infection','Diabetes mellitus','Eye muscle surgery');
INSERT INTO EYEPATIENT VALUES ('CAT2016-001',22,'Hicks','Martin','36','N','M','2264973','3380915','20/25','CF 20','U','CF 17','20/20','CF 10','20/32','CF 12','Low Vision','Herpes simplex','Chronic obstructive pulmonary disease','Coronary artery disease','Oculoplastic surgery');
INSERT INTO EYEPATIENT VALUES ('CAT2016-000',131,'Danielle','Susie','30','N','F','1421235','3648166','20/80','CF 9','-LP','CF 6','CF 13','CF 18','CF 12','CF 19','Ocular Hypertension','Corneal opacification','Ischemic heart disease','Ischemic heart disease','Laser eye surgery');




